pair,arch,seed,bin_idx,n_cal_bin,n_id_bin,n_ood_bin,T_bin,T_global,bin_entropy_lo,bin_entropy_hi,bin_entropy_mean,id_rel_raw,id_rel_binned_T,id_rel_global_T,id_delta_binned_vs_raw,id_delta_global_vs_raw,id_delta_binned_vs_global,ood_rel_raw,ood_rel_binned_T,ood_rel_global_T,ood_delta_binned_vs_raw,ood_delta_global_vs_raw,ood_delta_binned_vs_global,fit_status
ptbxl_chapman,mamba,42,0,432,446,1139,0.5795191483451906,0.605690583318535,-inf,1.5415552669585677,1.5303612304086978,0.02485426507829028,0.00235968548997805,0.004341281058863994,-0.02249457958831223,-0.020512984019426285,-0.001981595568885944,0.0007050067438506817,0.02350227466718078,0.019581454778914403,0.0227972679233301,0.018876448035063723,0.003920819888266376,ok
ptbxl_chapman,mamba,42,1,431,474,872,0.49787514509217534,0.605690583318535,1.5415552669585677,1.5548657525149987,1.5487846845302833,0.03755799396114637,0.0022682807266527607,0.007595748698235184,-0.035289713234493605,-0.029962245262911184,-0.005327467971582424,0.0009177499717035925,0.038240599733500705,0.01876978268347745,0.03732284976179711,0.01785203271177386,0.019470817050023254,ok
ptbxl_chapman,mamba,42,2,432,442,624,0.45014992244076435,0.605690583318535,1.5548657525149987,1.566429749303942,1.5606472358244718,0.029559647181082786,0.001647074761256371,0.006324596544953336,-0.027912572419826413,-0.023235050636129448,-0.004677521783696965,0.006421538894124553,0.06981045033261324,0.03139759381318398,0.06338891143848868,0.024976054919059427,0.03841285651942926,ok
ptbxl_chapman,mamba,42,3,431,435,730,0.7527841144682157,0.605690583318535,1.566429749303942,1.580937497140622,1.5735547700727723,0.005370281113096213,0.001895357244623996,0.010961404265108544,-0.0034749238684722173,0.005591123152012331,-0.009066047020484547,0.01978066477995112,0.03282260318302224,0.05024794741417973,0.013041938403071121,0.030467282634228612,-0.01742534423115749,ok
ptbxl_chapman,mamba,42,4,432,375,685,72.73659039404878,0.605690583318535,1.580937497140622,inf,1.5906605318621505,0.023782747110495214,0.007890433214325669,0.04123994214621747,-0.015892313896169546,0.017457195035722257,-0.0333495089318918,0.0365658332121023,0.015605760972880387,0.06199820622763997,-0.020960072239221913,0.02543237301553767,-0.04639244525475958,ok
ptbxl_chapman,mamba,43,0,432,423,1080,0.4015076063087142,0.5230028440755262,-inf,1.5537405283047032,1.5475910460980187,0.07826477482757913,0.014985768778916166,0.03326351376967861,-0.06327900604866296,-0.04500126105790052,-0.018277744990762443,0.002383049084187935,0.01765690252363107,0.003147270279806859,0.015273853439443135,0.0007642211956189237,0.014509632243824212,ok
ptbxl_chapman,mamba,43,1,431,447,854,0.4495256975655984,0.5230028440755262,1.5537405283047032,1.5606603950057993,1.5572877182268934,0.07088372481677821,0.01677252813768784,0.02678501371874406,-0.05411119667909037,-0.04409871109803415,-0.010012485581056222,0.002127867342078435,0.01749506837992241,0.01021817602031345,0.015367201037843973,0.008090308678235014,0.007276892359608959,ok
ptbxl_chapman,mamba,43,2,432,432,736,0.4709087070881846,0.5230028440755262,1.5606603950057993,1.5674477082121423,1.5641005503725653,0.03575469443532986,0.0035701951026668546,0.010033519191014594,-0.03218449933266301,-0.025721175244315265,-0.00646332408834774,0.0028177727232271263,0.017031447023182163,0.016456119523339308,0.014213674299955036,0.01363834680011218,0.0005753274998428551,ok
ptbxl_chapman,mamba,43,3,431,445,696,0.6195245232114726,0.5230028440755262,1.5674477082121423,1.577479842380136,1.5722269106900706,0.0003588296601043933,0.004389505744842457,0.00898909970991224,0.004030676084738063,0.008630270049807848,-0.0045995939650697835,0.013202215788228925,0.0338762515749015,0.04555092244414996,0.020674035786672575,0.03234870665592104,-0.011674670869248463,ok
ptbxl_chapman,mamba,43,4,432,425,684,3.633615967455944,0.5230028440755262,1.577479842380136,inf,1.5864544563740328,0.032167716981214345,0.014402466795473787,0.06483871582759407,-0.017765250185740558,0.03267099884637972,-0.05043624903212028,0.03971322668762236,0.02118230475790391,0.07526406581666689,-0.01853092192971845,0.03555083912904453,-0.05408176105876299,ok
ptbxl_chapman,resnet1d,42,0,432,430,842,0.9756495853694465,1.1082826980335732,-inf,0.29055511068106743,0.21365419028922314,0.0011262655460939739,0.0014088982636531098,0.00018959389137993408,0.0002826327175591359,-0.0009366716547140397,0.0012193043722731757,0.025544365206875665,0.026843649160528928,0.019625747907198926,0.0012992839536532623,-0.005918617299676739,0.007217901253330002,ok
ptbxl_chapman,resnet1d,42,1,431,414,906,1.1806165702237867,1.1082826980335732,0.29055511068106743,0.48160012544158337,0.3792787393248389,0.0012610337171609356,0.0006384396897975023,0.00022449593964010825,-0.0006225940273634333,-0.0010365377775208274,0.00041394375015739405,0.019424015913067395,0.008716227602103136,0.012392248118476952,-0.010707788310964259,-0.007031767794590443,-0.0036760205163738156,ok
ptbxl_chapman,resnet1d,42,2,432,415,858,1.2707334033660478,1.1082826980335732,0.48160012544158337,0.721336084282281,0.6003554659558027,0.0080510157593706,6.920688597636037e-05,0.002337400900993717,-0.007981808873394239,-0.005713614858376882,-0.0022681940150173566,0.013145450623366518,0.0022631505550912007,0.00807667659178165,-0.010882300068275317,-0.005068774031584868,-0.005813526036690449,ok
ptbxl_chapman,resnet1d,42,3,431,415,803,1.1402239705352553,1.1082826980335732,0.721336084282281,0.9612587642000003,0.841748420530555,0.004311642942134347,0.005684788114154536,0.0038071109395531794,0.001373145172020189,-0.0005045320025811677,0.0018776771746013567,0.002885733039411023,0.0013883827869582725,0.0015225168221758138,-0.0014973502524527507,-0.0013632162172352094,-0.00013413403521754129,ok
ptbxl_chapman,resnet1d,42,4,432,498,641,0.8525811116830713,1.1082826980335732,0.9612587642000003,inf,1.1360127534997662,0.0007371481890335828,0.007442609747036828,0.0006689559838422008,0.0067054615580032445,-6.819220519138202e-05,0.0067736537631946266,0.008358239613262262,0.014214871711629627,0.007217849137661953,0.005856632098367365,-0.001140390475600309,0.006997022573967674,ok
ptbxl_chapman,resnet1d,43,0,432,406,673,1.1345472870618882,1.1906086945599312,-inf,0.22881902148324562,0.13651002379264307,0.002151009811444621,0.0008556056603897346,0.0004342251981678034,-0.0012954041510548863,-0.0017167846132768174,0.0004213804622219312,0.09830484085917585,0.08696963584615791,0.08174766872120465,-0.011335205013017935,-0.0165571721379712,0.005221967124953264,ok
ptbxl_chapman,resnet1d,43,1,431,435,933,1.2613580470535037,1.1906086945599312,0.22881902148324562,0.40365181789868537,0.31087545115369525,0.0012686580501990062,0.0010845941883383047,0.0013902671369565905,-0.00018406386186070145,0.00012160908675758436,-0.0003056729486182858,0.02565481359679959,0.008989552649157616,0.01242503190273267,-0.016665260947641973,-0.013229781694066921,-0.0034354792535750533,ok
ptbxl_chapman,resnet1d,43,2,432,438,969,1.2615649368613369,1.1906086945599312,0.40365181789868537,0.644430594407223,0.52053482255225,0.004260951572262479,0.0017170753296762821,0.0009559161401571753,-0.0025438762425861973,-0.0033050354321053042,0.0007611591895191069,0.009356396324171694,0.0005328668557890911,0.0016711741179647804,-0.008823529468382604,-0.007685222206206914,-0.0011383072621756894,ok
ptbxl_chapman,resnet1d,43,3,431,411,891,1.2068643042750324,1.1906086945599312,0.644430594407223,0.8787057804551335,0.7548042797856501,0.007875660025802698,0.0016047854061033168,0.002457637558038602,-0.006270874619699381,-0.005418022467764096,-0.000852852151935285,0.004199185665810325,0.0007057905519415524,0.0007953180906696072,-0.0034933951138687723,-0.0034038675751407177,-8.952753872805473e-05,ok
ptbxl_chapman,resnet1d,43,4,432,482,584,0.9894104273030935,1.1906086945599312,0.8787057804551335,inf,1.0570272554541467,0.00622135039023043,0.006477590819005506,0.0023143710743406634,0.0002562404287750758,-0.003906979315889767,0.004163219744664843,0.0044918324222248535,0.004445608885805492,0.0008010640645028454,-4.6223536419361805e-05,-0.003690768357722008,0.003644544821302646,ok
ptbxl_chapman,resnet1d,44,0,432,399,1032,1.2307778530424658,1.1034153981036612,-inf,0.3517232078259817,0.2199953789633124,0.0024244947611357604,0.0004489252723604197,0.0011265896271643876,-0.001975569488775341,-0.0012979051339713729,-0.0006776643548039679,0.08471600661291617,0.10147727265858546,0.07790875171484435,0.016761266045669285,-0.006807254898071824,0.02356852094374111,ok
ptbxl_chapman,resnet1d,44,1,431,460,964,1.062196375453894,1.1034153981036612,0.3517232078259817,0.5351602440864978,0.4415327977552732,0.002686298380178854,0.002996489611030341,0.00037209499990560163,0.00031019123085148726,-0.002314203380273252,0.0026243946111247393,0.01747121999259551,0.01278705749736663,0.009748670701033841,-0.004684162495228879,-0.007722549291561668,0.0030383867963327885,ok
ptbxl_chapman,resnet1d,44,2,432,426,1004,1.1397326157249423,1.1034153981036612,0.5351602440864978,0.737280335199764,0.634099321490021,0.003028774930969193,0.003903474487925199,0.0028074065404161967,0.0008746995569560061,-0.0002213683905529962,0.0010960679475090023,0.005246424055236485,0.00303478889145368,0.003917367318523472,-0.002211635163782805,-0.001329056736713013,-0.000882578427069792,ok
ptbxl_chapman,resnet1d,44,3,431,446,598,1.108561557086348,1.1034153981036612,0.737280335199764,0.9657596995458165,0.8430295225661396,0.0015334521468032534,0.0010378506082387563,0.0009951882496378672,-0.0004956015385644971,-0.0005382638971653862,4.266235860088917e-05,0.010954663521010976,0.006926605641023768,0.007140819453609566,-0.004028057879987208,-0.0038138440674014094,-0.00021421381258579855,ok
ptbxl_chapman,resnet1d,44,4,432,441,452,0.9224500184599008,1.1034153981036612,0.9657596995458165,inf,1.1270910150331448,0.003760726289766542,0.006260198897165448,0.0024887051753285636,0.0024994726073989055,-0.0012720211144379785,0.003771493721836884,0.007217871340373741,0.008816725093806025,0.0024171362962165724,0.0015988537534322835,-0.004800735044157169,0.006399588797589452,ok
ptbxl_chapman,resnet1d,45,0,432,408,742,1.0152600726381713,1.1074907194562702,-inf,0.3391179895930214,0.24900805150214492,0.0002600904941784158,0.00017570955923387673,0.0004244991433329174,-8.438093494453905e-05,0.00016440864915450164,-0.0002487895840990407,0.13970260551666797,0.13753337291873863,0.12613705839390302,-0.002169232597929338,-0.013565547122764948,0.01139631452483561,ok
ptbxl_chapman,resnet1d,45,1,431,453,1122,1.1647601181642502,1.1074907194562702,0.3391179895930214,0.5446944657250294,0.4363737498904859,0.0016494258140680473,0.00023571470896276354,0.0001604580743438278,-0.0014137111051052836,-0.0014889677397242195,7.525663461893574e-05,0.019499854449261025,0.008922476322346013,0.012178178352456787,-0.010577378126915012,-0.007321676096804237,-0.003255702030110774,ok
ptbxl_chapman,resnet1d,45,2,432,415,975,1.227070918587185,1.1074907194562702,0.5446944657250294,0.7354512700391687,0.6427589273778141,0.002097224018243949,0.004859594461320795,0.0022392870326637584,0.002762370443076846,0.00014206301441980953,0.0026203074286570366,0.012346688463111953,0.0037232670532476734,0.007062712999134865,-0.00862342140986428,-0.005283975463977088,-0.0033394459458871914,ok
ptbxl_chapman,resnet1d,45,3,431,406,628,1.1234254717446048,1.1074907194562702,0.7354512700391687,0.9705734007351674,0.8424329778635039,0.0057913248567084,0.002408909368304544,0.0012681611235660349,-0.003382415488403856,-0.004523163733142365,0.001140748244738509,0.006401091604641355,0.002217185119735749,0.0025644482220957433,-0.0041839064849056055,-0.0038366433825456113,-0.0003472631023599942,ok
ptbxl_chapman,resnet1d,45,4,432,490,583,0.9415729475271926,1.1074907194562702,0.9705734007351674,inf,1.1417781153870408,0.005689306902194059,0.009653738324050387,0.007634894636927759,0.0039644314218563285,0.0019455877347337005,0.002018843687122628,0.003518658990924493,0.006325276244775791,0.003981809763672428,0.002806617253851298,0.0004631507727479345,0.0023434664811033635,ok
ptbxl_chapman,resnet1d,46,0,432,430,615,1.1357520416776923,1.1729257090108813,-inf,0.21303024223821876,0.14172699786716406,0.000977493524563479,0.00018176596023156396,6.0254319874294935e-05,-0.0007957275643319152,-0.0009172392046891841,0.00012151164035726902,0.12160238580023143,0.10954498315382269,0.10581602932406378,-0.01205740264640874,-0.01578635647616765,0.0037289538297589075,ok
ptbxl_chapman,resnet1d,46,1,431,379,867,1.2951092294980413,1.1729257090108813,0.21303024223821876,0.40657298079936305,0.3035950457673786,0.002177460840873741,0.0010483529692702784,0.0005178132990495442,-0.0011291078716034624,-0.0016596475418241966,0.0005305396702207342,0.026418381979564223,0.008510371960351303,0.015077756656061212,-0.017908010019212918,-0.01134062532350301,-0.006567384695709909,ok
ptbxl_chapman,resnet1d,46,2,432,475,1124,1.1647430648209616,1.1729257090108813,0.40657298079936305,0.6767137251007793,0.5398103012881655,0.006025645054442119,0.00026299345088667326,0.00023745867270563402,-0.005762651603555446,-0.005788186381736485,2.5534778181039236e-05,0.012310533277715583,0.005302149774830218,0.004549721743716751,-0.007008383502885365,-0.007760811533998832,0.0007524280311134671,ok
ptbxl_chapman,resnet1d,46,3,431,423,862,1.2200429881718406,1.1729257090108813,0.6767137251007793,0.9019299056145752,0.7807018850117725,0.00642774541566449,0.0013754781166983308,0.0015905040014352315,-0.005052267298966159,-0.0048372414142292585,-0.0002150258847369007,0.0010486994144686995,0.0011056958158980168,0.0005746901388451051,5.699640142931722e-05,-0.00047400927562359443,0.0005310056770529116,ok
ptbxl_chapman,resnet1d,46,4,432,465,582,0.954679832117016,1.1729257090108813,0.9019299056145752,inf,1.0851118184798592,0.0029663175701318636,0.0054638099656654365,0.0013620159924027703,0.002497492395533573,-0.0016043015777290933,0.004101793973262666,0.003953693864943942,0.0038952835856243596,0.0010513746588239079,-5.8410279319582713e-05,-0.0029023192061200347,0.0028439089268004515,ok
ptbxl_chapman,inceptiontime,42,0,432,438,815,1.1376869471599094,1.13741424376758,-inf,0.345568266045868,0.2422032161704592,4.428609957662031e-05,0.0012225400678484693,0.001218403141025196,0.001178253968271849,0.0011741170414485756,4.1369268232733635e-06,0.06940098066142925,0.06479991449734245,0.06482756504595205,-0.004601066164086801,-0.004573415615477194,-2.765054860960625e-05,ok
ptbxl_chapman,inceptiontime,42,1,431,416,962,1.1610993515977441,1.13741424376758,0.345568266045868,0.547970187554366,0.4424703926449261,0.0021725119405849942,0.0009691436467890459,0.0005746784289281705,-0.0012033682937959483,-0.0015978335116568238,0.0003944652178608755,0.014330825125183144,0.005058252663472734,0.006082968215860741,-0.00927257246171041,-0.008247856909322403,-0.0010247155523880067,ok
ptbxl_chapman,inceptiontime,42,2,432,418,868,1.2007903983383552,1.13741424376758,0.547970187554366,0.7795327343834448,0.670490473661411,0.009975586429492714,0.003970787237087483,0.0038129563261018163,-0.0060047991924052305,-0.006162630103390897,0.00015783091098566697,0.012341544384340285,0.0030064898535030354,0.004924876436623684,-0.00933505453083725,-0.0074166679477166006,-0.0019183865831206488,ok
ptbxl_chapman,inceptiontime,42,3,431,417,755,1.0899865597560137,1.13741424376758,0.7795327343834448,0.9821438329382906,0.8820077145503687,0.008100275413150178,0.00483689989937204,0.0022702556379318867,-0.003263375513778138,-0.005830019775218291,0.0025666442614401533,0.008403746335494736,0.0038683282635464384,0.0028726807009233084,-0.004535418071948297,-0.005531065634571428,0.00099564756262313,ok
ptbxl_chapman,inceptiontime,42,4,432,483,650,1.0405383650388835,1.13741424376758,0.9821438329382906,inf,1.139425201665207,0.005250503135127412,0.00582532270082627,0.0022590763567274744,0.0005748195656988583,-0.0029914267783999375,0.003566246344098796,0.00311472526462514,0.002214830612836726,0.002157463079730892,-0.0008998946517884141,-0.0009572621848942479,5.736753310583379e-05,ok
ptbxl_chapman,inceptiontime,43,0,432,412,880,0.9778091744110504,1.1058476955742147,-inf,0.39942517755291623,0.27733838128922583,0.00015286901560871758,0.0001075333580023388,0.0003301715454157483,-4.533565760637879e-05,0.00017730252980703072,-0.0002226381874134095,0.15736347537994372,0.16025854401654102,0.19046035596623873,0.0028950686365973033,0.03309688058629501,-0.030201811949697704,ok
ptbxl_chapman,inceptiontime,43,1,431,450,935,1.2541692699309615,1.1058476955742147,0.39942517755291623,0.5863225177829299,0.4833721836815352,8.965428058667888e-05,0.005422129036082027,0.0010292713417164917,0.005332474755495348,0.0009396170611298128,0.004392857694365535,0.01961186101515531,0.0035530440200038675,0.015845943430469613,-0.01605881699515144,-0.0037659175846856963,-0.012292899410465744,ok
ptbxl_chapman,inceptiontime,43,2,432,429,977,1.1527671395822667,1.1058476955742147,0.5863225177829299,0.7956926343233628,0.6947325181172372,0.005468536110223638,0.00176535241217042,0.0037991128495091986,-0.003703183698053218,-0.0016694232607144394,-0.002033760437338779,0.009529504531789636,0.004283318864827579,0.006609557742189115,-0.005246185666962057,-0.002919946789600521,-0.0023262388773615363,ok
ptbxl_chapman,inceptiontime,43,3,431,368,569,1.1224950121382644,1.1058476955742147,0.7956926343233628,1.009710225953573,0.9005129115859044,0.007666737931289993,0.0041321557620526,0.0053139574999572885,-0.003534582169237393,-0.0023527804313327044,-0.0011818017379046884,0.017246926240409733,0.008865510113760418,0.011505157426039707,-0.008381416126649315,-0.005741768814370026,-0.0026396473122792894,ok
ptbxl_chapman,inceptiontime,43,4,432,513,689,0.9121913155809956,1.1058476955742147,1.009710225953573,inf,1.165209051476534,0.004977977591060835,0.008024008216052151,0.004565260357360493,0.0030460306249913164,-0.00041271723370034114,0.0034587478586916576,0.010598410356619318,0.015056746927985275,0.007497400802933469,0.0044583365713659565,-0.003101009553685849,0.0075593461250518055,ok
ptbxl_chapman,inceptiontime,44,0,432,409,748,0.9708942428881283,1.07375965770372,-inf,0.39603037583640366,0.2847407650476139,0.0012997570121713806,0.0011323470442518584,0.0014257809100338527,-0.00016740996791952218,0.00012602389786247215,-0.00029343386578199434,0.1078823132945258,0.11043142269622769,0.10664115291596399,0.002549109401701888,-0.001241160378561812,0.0037902697802636998,ok
ptbxl_chapman,inceptiontime,44,1,431,469,886,1.2490130974900053,1.07375965770372,0.39603037583640366,0.5941963289234276,0.4916889009221112,0.000590250482548761,0.004786902728561758,0.0004408459412824159,0.004196652246012997,-0.00014940454126634512,0.004346056787279342,0.030319885286856814,0.007692232418403984,0.023516214692148436,-0.02262765286845283,-0.0068036705947083775,-0.01582398227374445,ok
ptbxl_chapman,inceptiontime,44,2,432,388,918,1.1107656496853038,1.07375965770372,0.5941963289234276,0.8079284834740529,0.7013668557157889,0.004654709428514456,0.0007790260804746706,0.0018047615798430948,-0.003875683348039785,-0.002849947848671361,-0.001025735499368424,0.038310275325718374,0.02555217509260342,0.02964713010054494,-0.012758100233114952,-0.008663145225173433,-0.00409495500794152,ok
ptbxl_chapman,inceptiontime,44,3,431,404,768,1.0155320704001607,1.07375965770372,0.8079284834740529,1.0336155448669249,0.9234663551783094,0.002691690942078954,0.0036573396264981788,0.000943955894977161,0.0009656486844192248,-0.001747735047101793,0.002713383731521018,0.037772433370017046,0.03495390304669246,0.02758559706357948,-0.002818530323324589,-0.010186836306437567,0.0073683059831129785,ok
ptbxl_chapman,inceptiontime,44,4,432,502,730,0.913310071844896,1.07375965770372,1.0336155448669249,inf,1.188338121036405,0.0033843780013882163,0.006810982871668543,0.0022497048393397157,0.0034266048702803267,-0.0011346731620485006,0.004561278032328827,0.010202990652668612,0.013098642412306509,0.0053057069116356536,0.002895651759637897,-0.004897283741032959,0.0077929355006708554,ok
ptbxl_chapman,inceptiontime,45,0,432,407,649,1.013925223260759,1.0935976757906636,-inf,0.36189744824640613,0.24932778241794953,2.6567513913347277e-05,3.67278967395069e-05,0.0004824170105720869,1.0160382826159622e-05,0.0004558494966587396,-0.00044568911383258,0.11358973819451336,0.11069988179842778,0.10164639572965854,-0.002889856396085577,-0.011943342464854817,0.00905348606876924,ok
ptbxl_chapman,inceptiontime,45,1,431,470,1026,1.269532015537909,1.0935976757906636,0.36189744824640613,0.5999339669723719,0.48257345742603114,0.0012508576703913234,0.007203446974062653,0.0015794395364879682,0.00595258930367133,0.0003285818660966448,0.005624007437574685,0.018520964618466727,0.002465829576398462,0.010767028540988582,-0.016055135042068264,-0.007753936077478145,-0.008301198964590119,ok
ptbxl_chapman,inceptiontime,45,2,432,402,881,1.0790423500290094,1.0935976757906636,0.5999339669723719,0.7985649210666055,0.7006213183960389,0.00619274742407354,0.002715135483808439,0.0026098214469014304,-0.0034776119402651013,-0.00358292597717211,0.00010531403690700871,0.008898532384584747,0.005786340263685922,0.0046017907187963746,-0.0031121921208988245,-0.004296741665788372,0.0011845495448895476,ok
ptbxl_chapman,inceptiontime,45,3,431,410,714,1.132172131919023,1.0935976757906636,0.7985649210666055,1.0144818904287483,0.9027348467769375,0.0028593495409771894,0.0014090782793914915,0.0012516130168567486,-0.001450271261585698,-0.0016077365241204409,0.00015746526253474294,0.015131419344037137,0.0075170369078439705,0.009634972230694556,-0.007614382436193167,-0.005496447113342582,-0.0021179353228505853,ok
ptbxl_chapman,inceptiontime,45,4,432,483,780,0.8531928949559776,1.0935976757906636,1.0144818904287483,inf,1.173751818533739,0.0025338529115439164,0.006216089949982429,0.0010383511211616433,0.0036822370384385125,-0.001495501790382273,0.005177738828820786,0.004781915046046187,0.011508934304030131,0.002366651439010456,0.006727019257983944,-0.002415263607035731,0.009142282865019676,ok
ptbxl_chapman,inceptiontime,46,0,432,388,555,0.9509595162358914,0.9896140050605831,-inf,0.58452080436024,0.4471638809110297,5.8980249082954865e-05,0.0003571065439649897,7.415502209994119e-05,0.0002981262948820348,1.5174773016986326e-05,0.0002829515218650485,0.46017645117182104,0.45557182183472,0.46178843559664007,-0.0046046293371010405,0.001611984424819024,-0.0062166137619200645,ok
ptbxl_chapman,inceptiontime,46,1,431,453,1109,0.9792463949082081,0.9896140050605831,0.58452080436024,0.7884187681044316,0.6951273959194352,0.0037269799482726627,0.0034821278892667143,0.004026227316315109,-0.0002448520590059484,0.0002992473680424462,-0.0005440994270483946,0.03148164969225002,0.033952005300367585,0.03267431947228312,0.0024703556081175637,0.001192669780033101,0.0012776858280844627,ok
ptbxl_chapman,inceptiontime,46,2,432,431,960,1.1186513540979053,0.9896140050605831,0.7884187681044316,0.9647868603007868,0.8746489926570478,0.001728658330497961,0.0022511566077465565,0.0016422466590040037,0.0005224982772485955,-8.641167149395722e-05,0.0006089099487425528,0.01015110960006041,0.005118798439342435,0.0106977545879053,-0.005032311160717975,0.0005466449878448899,-0.005578956148562865,ok
ptbxl_chapman,inceptiontime,46,3,431,444,758,1.0214641220065077,0.9896140050605831,0.9647868603007868,1.1559430527212238,1.0607796370060862,0.0037393470730949273,0.0045047807687328715,0.00442495973851345,0.0007654336956379442,0.0006856126654185227,7.982103021942147e-05,0.018580575008071705,0.016294987586959124,0.018928218008162728,-0.002285587421112581,0.0003476430000910226,-0.0026332304212036035,ok
ptbxl_chapman,inceptiontime,46,4,432,456,668,0.8269039520366257,0.9896140050605831,1.1559430527212238,inf,1.2730802711469076,0.0022538595998690437,0.00466411802936339,0.0015698281194507072,0.0024102584294943465,-0.0006840314804183365,0.003094289909912683,0.004478060584536343,0.009710603287747675,0.005328700092750669,0.005232542703211332,0.0008506395082143259,0.004381903194997006,ok
ptbxl_cpsc,resnet1d,42,0,420,405,293,2.1720442227286787,2.5291274954359406,-inf,0.29102237018259186,0.1913203228956101,0.03212848685506842,0.003959139026390571,0.01762560677863211,-0.028169347828677846,-0.014502880076436308,-0.013666467752241538,0.33624465675770054,0.1275655398198681,0.09008941976789397,-0.20867911693783245,-0.24615523698980657,0.03747612005197412,ok
ptbxl_cpsc,resnet1d,42,1,420,395,416,2.770492232258564,2.5291274954359406,0.29102237018259186,0.5654969195511814,0.4237340576765993,0.1138614864699489,0.0016559900867079468,0.0009369003882123822,-0.11220549638324095,-0.11292458608173651,0.0007190896984955646,0.3033700656990387,0.03999202349049419,0.059518055888258745,-0.2633780422085445,-0.24385200981077992,-0.019526032397764556,ok
ptbxl_cpsc,resnet1d,42,2,419,436,498,3.7583188015662454,2.5291274954359406,0.5654969195511814,0.792660647844999,0.6907260315814836,0.07659106980139266,0.009916198816307564,0.0002569538915729027,-0.0666748709850851,-0.07633411590981976,0.009659244924734661,0.16560215534426756,0.005127590978453909,0.01814150046728807,-0.16047456436581364,-0.14746065487697949,-0.013013909488834161,ok
ptbxl_cpsc,resnet1d,42,3,420,438,461,2.346968943507271,2.5291274954359406,0.792660647844999,0.9959640827878959,0.8853639568786157,0.0739120251296845,0.004493924800648598,0.003262458755138497,-0.0694181003290359,-0.070649566374546,0.0012314660455101005,0.10478618744536058,0.012606887538504903,0.010050326445171379,-0.09217929990685568,-0.0947358610001892,0.002556561093333524,ok
ptbxl_cpsc,resnet1d,42,4,420,446,389,1.9873262690945532,2.5291274954359406,0.9959640827878959,inf,1.1306988366524022,0.016171497445118244,0.0016626134924040328,0.0036130386144594176,-0.014508883952714212,-0.012558458830658826,-0.0019504251220553849,0.02001602999137111,0.0017323439516895053,0.0015514096965253848,-0.018283686039681606,-0.018464620294845725,0.00018093425516412052,ok
ptbxl_cpsc,resnet1d,43,0,420,417,370,3.2781225178177866,2.515012083640151,-inf,0.44006153611782817,0.3163223827165007,0.114143682888812,0.02106057775304435,0.04782270738402576,-0.09308310513576766,-0.06632097550478624,-0.026762129630981412,0.3764267999397421,0.05275801297764196,0.10129918968748976,-0.3236687869621001,-0.27512761025225235,-0.0485411767098478,ok
ptbxl_cpsc,resnet1d,43,1,420,406,429,1.8466692690848472,2.515012083640151,0.44006153611782817,0.6508165115399435,0.5438764374418322,0.02688714726260394,0.0037680241980729435,0.025340071183233902,-0.023119123064530997,-0.0015470760793700362,-0.021572046985160957,0.3847158748780979,0.17974469996849693,0.1021034743210978,-0.20497117490960096,-0.2826124005570001,0.07764122564739913,ok
ptbxl_cpsc,resnet1d,43,2,419,448,464,2.917330523834071,2.515012083640151,0.6508165115399435,0.820965515514132,0.7368987738209473,0.050679253908976325,0.011091550335575857,0.005088131024971076,-0.03958770357340047,-0.04559112288400525,0.006003419310604782,0.03879177543080911,0.01645988234227931,0.010417962594291792,-0.0223318930885298,-0.02837381283651732,0.006041919747987519,ok
ptbxl_cpsc,resnet1d,43,3,420,413,420,2.875982882276728,2.515012083640151,0.820965515514132,0.9848811542008524,0.9035260284162226,0.03966426386862595,0.005005860816829674,0.0026235289920389215,-0.03465840305179627,-0.037040734876587024,0.0023823318247907527,0.06252208011289648,0.00012632285420679116,0.0015246821548156632,-0.062395757258689684,-0.06099739795808082,-0.001398359300608872,ok
ptbxl_cpsc,resnet1d,43,4,420,436,374,1.3705974114284347,2.515012083640151,0.9848811542008524,inf,1.1039790227150987,0.013999970956128593,0.003350410713421422,0.0024906929240214506,-0.010649560242707171,-0.011509278032107143,0.0008597177893999715,0.017380277415743023,0.005152475589456225,0.0009976370577030724,-0.012227801826286798,-0.01638264035803995,0.004154838531753153,ok
ptbxl_cpsc,resnet1d,44,0,420,375,316,6.8182130630375735,4.439669380509517,-inf,0.08822278024355268,0.05349244904095901,0.2097499834361373,0.04554098403829643,0.12870769253545639,-0.16420899939784087,-0.08104229090068091,-0.08316670849715996,0.5419116497857163,0.06914989038179603,0.15637419910583036,-0.47276175940392023,-0.3855374506798859,-0.08722430872403433,ok
ptbxl_cpsc,resnet1d,44,1,420,430,359,2.8876135510560914,4.439669380509517,0.08822278024355268,0.18612587270326245,0.13098055313805465,0.07703547960218361,0.019778803253546837,0.03262297362406579,-0.05725667634863678,-0.04441250597811782,-0.012844170370518954,0.26746037503742953,0.04749951078195617,0.006512919812374765,-0.21996086425547337,-0.26094745522505475,0.040986590969581405,ok
ptbxl_cpsc,resnet1d,44,2,419,409,457,3.737166459200555,4.439669380509517,0.18612587270326245,0.3773770205764734,0.2771268254253129,0.10541720497453841,0.007841968821396025,0.018313039758558004,-0.09757523615314238,-0.08710416521598041,-0.010471070937161979,0.23852661312559437,0.0066598211064359735,0.005908832168224074,-0.23186679201915839,-0.2326177809573703,0.0007509889382118998,ok
ptbxl_cpsc,resnet1d,44,3,420,452,475,5.521324648062723,4.439669380509517,0.3773770205764734,0.6744886348741141,0.5284461845736583,0.12530367250913804,0.005924375061622885,0.0031076430725586017,-0.11937929744751516,-0.12219602943657944,0.002816731989064283,0.14660112627212243,0.0021003480375824794,0.0001374781351694826,-0.14450077823453997,-0.14646364813695295,0.0019628699024129967,ok
ptbxl_cpsc,resnet1d,44,4,420,454,450,4.355406800469894,4.439669380509517,0.6744886348741141,inf,0.838855026786418,0.054097336901804814,0.0010257129675004199,0.0012069425214554948,-0.053071623934304396,-0.05289039438034932,-0.00018122955395507494,0.06765350694539898,0.0022817988834264434,0.0020408550516330393,-0.06537170806197254,-0.06561265189376594,0.0002409438317934041,ok
ptbxl_cpsc,resnet1d,45,0,420,408,384,10.810687404841639,3.97469503150438,-inf,0.30067885007808864,0.18755238472531205,0.19724233053326162,0.02938534943053301,0.0822926048271857,-0.16785698110272862,-0.11494972570607592,-0.05290725539665269,0.39227253167219966,0.00015543200507223,0.08601359259786459,-0.39211709966712743,-0.3062589390743351,-0.08585816059279236,ok
ptbxl_cpsc,resnet1d,45,1,420,424,441,2.6513264171643005,3.97469503150438,0.30067885007808864,0.5121242153867259,0.4031518627387764,0.07376886585006096,0.012170511723001426,0.03222929032743381,-0.06159835412705953,-0.041539575522627145,-0.020058778604432385,0.15690522581110616,0.005700038824950393,0.002270223286959862,-0.15120518698615576,-0.1546350025241463,0.0034298155379905307,ok
ptbxl_cpsc,resnet1d,45,2,419,391,473,3.3415511530363435,3.97469503150438,0.5121242153867259,0.7199490744129583,0.6184461771453554,0.054057343790861606,0.015711070006122284,0.02505513388858436,-0.03834627378473932,-0.029002209902277247,-0.009344063882462075,0.07411390819824096,0.0033150041488188386,0.008135973740673418,-0.07079890404942212,-0.06597793445756754,-0.004820969591854579,ok
ptbxl_cpsc,resnet1d,45,3,420,428,421,2.5736575154217847,3.97469503150438,0.7199490744129583,0.9111400468764768,0.8151222509335816,0.028021345474059503,0.00331931785076118,0.0188701773888675,-0.024702027623298324,-0.009151168085192004,-0.01555085953810632,0.04090507210149074,0.0004093444941202245,0.004781395616327948,-0.04049572760737052,-0.03612367648516279,-0.004372051122207723,ok
ptbxl_cpsc,resnet1d,45,4,420,469,338,2.357031933349649,3.97469503150438,0.9111400468764768,inf,1.0548463742032181,0.010751949227638273,0.0039463655542018704,0.010434219912429448,-0.006805583673436403,-0.0003177293152088253,-0.006487854358227577,0.04801078789382781,0.00272152535026601,0.00011049764087665319,-0.0452892625435618,-0.04790029025295116,0.002611027709389357,ok
ptbxl_cpsc,resnet1d,46,0,420,415,403,1.6079135097438355,2.1719145995086984,-inf,0.31569295270959047,0.23418011930674884,0.009888386210460101,0.0012858216833250234,0.02133217872370382,-0.008602564527135079,0.011443792513243718,-0.020046357040378795,0.24958807336687194,0.14514247631736676,0.07033328470099467,-0.10444559704950518,-0.17925478866587727,0.07480919161637209,ok
ptbxl_cpsc,resnet1d,46,1,420,433,411,1.8836476805524907,2.1719145995086984,0.31569295270959047,0.5422389308396807,0.4151609902135048,0.029401289689786655,0.0025620757075012065,0.011276501127451523,-0.026839213982285448,-0.018124788562335133,-0.008714425419950315,0.11249734406914674,0.013770783086400026,0.004195032314388386,-0.09872656098274672,-0.10830231175475835,0.00957575077201164,ok
ptbxl_cpsc,resnet1d,46,2,419,417,472,3.0711330322304318,2.1719145995086984,0.5422389308396807,0.7972375645365011,0.6772005847002786,0.06420443346034113,0.008146505236161491,0.004911928366334247,-0.05605792822417964,-0.05929250509400688,0.0032345768698272444,0.16052169820028167,0.006224491413171392,0.022524063908500338,-0.15429720678711029,-0.13799763429178133,-0.016299572495328946,ok
ptbxl_cpsc,resnet1d,46,3,420,402,414,4.145702442458163,2.1719145995086984,0.7972375645365011,0.9975434713796176,0.8928613671795436,0.09719761638047161,0.0007097893171370915,0.014163612961994334,-0.09648782706333452,-0.08303400341847728,-0.013453823644857242,0.1256560356704455,0.0036610079407417527,0.023136341718562266,-0.12199502772970375,-0.10251969395188323,-0.019475333777820514,ok
ptbxl_cpsc,resnet1d,46,4,420,453,357,3.0616199646224445,2.1719145995086984,0.9975434713796176,inf,1.1288954712761257,0.037914701033873094,0.0005104851618406149,0.004423468234235413,-0.03740421587203248,-0.03349123279963768,-0.003912983072394799,0.06208377620153537,0.008461799019875486,0.017758045334178234,-0.05362197718165988,-0.04432573086735714,-0.009296246314302748,ok
ptbxl_cpsc,inceptiontime,42,0,420,414,405,4.583991259613331,3.6532544212924067,-inf,0.27343344674883474,0.1729985761555,0.12562245752439707,0.11261864771338748,0.09933418134046694,-0.013003809811009598,-0.026288276183930134,0.013284466372920536,0.4061633337266882,0.05120518196275352,0.09275319844817753,-0.3549581517639347,-0.3134101352785107,-0.041548016485424014,ok
ptbxl_cpsc,inceptiontime,42,1,420,422,405,2.566680261931107,3.6532544212924067,0.27343344674883474,0.48374761852068277,0.3778058566525692,0.05790027706497483,0.010135931428512327,0.043366304553228194,-0.04776434563646251,-0.014533972511746637,-0.03323037312471587,0.28894422609931614,0.051937016407982387,0.018627201234099132,-0.23700720969133376,-0.270317024865217,0.033309815173883255,ok
ptbxl_cpsc,inceptiontime,42,2,419,443,447,4.098335853766591,3.6532544212924067,0.48374761852068277,0.7075664281177904,0.5983519964640538,0.0803144246986135,0.009277330547661259,0.005813222305504757,-0.07103709415095223,-0.07450120239310874,0.003464108242156502,0.14301327249516413,0.0030626489095280465,0.000566330984242984,-0.1399506235856361,-0.14244694151092113,0.0024963179252850626,ok
ptbxl_cpsc,inceptiontime,42,3,420,402,377,4.162580459804348,3.6532544212924067,0.7075664281177904,0.9020737966297592,0.8008332102647113,0.07072811485850206,0.0019910576636378613,0.00032694893084246504,-0.0687370571948642,-0.07040116592765959,0.0016641087327953963,0.09586486441371046,0.0007911562564872914,0.006578974226405332,-0.09507370815722317,-0.08928589018730514,-0.005787817969918041,ok
ptbxl_cpsc,inceptiontime,42,4,420,439,423,2.5883934072466537,3.6532544212924067,0.9020737966297592,inf,1.0533759042102337,0.020569798970602994,0.003752822167308614,0.0071509231200331674,-0.01681697680329438,-0.013418875850569827,-0.0033981009527245536,0.057381138854436686,0.004417669800035373,0.0017362302738487697,-0.052963469054401316,-0.05564490858058792,0.0026814395261866033,ok
ptbxl_cpsc,inceptiontime,43,0,420,398,297,2.400563053818516,2.8846796624403255,-inf,0.22811068403231186,0.1519398863534782,0.05279279519478921,0.018323603344876233,0.033091943877707614,-0.034469191849912977,-0.019700851317081595,-0.014768340532831381,0.3612599461955335,0.13279529729817235,0.09228104625231176,-0.22846464889736112,-0.2689788999432217,0.040514251045860594,ok
ptbxl_cpsc,inceptiontime,43,1,420,407,383,2.6716694835421584,2.8846796624403255,0.22811068403231186,0.4263678078799559,0.3241585855541729,0.07786455111771871,0.005098180703506412,0.016228189099702837,-0.0727663704142123,-0.06163636201801588,-0.011130008396196425,0.30312304196452317,0.047404455399697266,0.03603853302319569,-0.2557185865648259,-0.26708450894132746,0.011365922376501573,ok
ptbxl_cpsc,inceptiontime,43,2,419,443,490,3.4705266627447604,2.8846796624403255,0.4263678078799559,0.6808050417468664,0.5578704219452038,0.08012232679479751,0.009774187333132154,0.002699897105724519,-0.07034813946166536,-0.077422429689073,0.007074290227407635,0.14357917252606126,0.0013733591473967396,0.002342568816382837,-0.1422058133786645,-0.14123660370967842,-0.0009692096689860974,ok
ptbxl_cpsc,inceptiontime,43,3,420,386,490,3.959756713598023,2.8846796624403255,0.6808050417468664,0.8730759673355555,0.780058667239081,0.0662041362468993,0.006738040162944785,6.446920708005335e-06,-0.05946609608395452,-0.0661976893261913,0.006731593242236779,0.09031610919315615,0.0014721372298056603,0.0017400015563324728,-0.08884397196335049,-0.08857610763682368,-0.00026786432652681257,ok
ptbxl_cpsc,inceptiontime,43,4,420,486,397,3.6586919528865955,2.8846796624403255,0.8730759673355555,inf,1.0220861715420317,0.03703841534085197,0.0004087839822157906,0.0009188285647054212,-0.03662963135863618,-0.03611958677614655,-0.0005100445824896306,0.05194035108213955,0.000905838203983429,0.0027105242840853977,-0.05103451287815612,-0.04922982679805415,-0.0018046860801019687,ok
ptbxl_cpsc,inceptiontime,44,0,420,394,336,3.7303335013478938,3.5264703798914034,-inf,0.25812218629809724,0.1790570696924773,0.08917007398361168,0.08924397732891418,0.11246585496451814,7.39033453024951e-05,0.023295780980906455,-0.02322187763560396,0.3700389971549416,0.06571876466761568,0.09371961526724758,-0.3043202324873259,-0.276319381887694,-0.028000850599631893,ok
ptbxl_cpsc,inceptiontime,44,1,420,422,417,2.278250306217409,3.5264703798914034,0.25812218629809724,0.45680825948379933,0.35244578729607856,0.043229469293981956,0.011182651573528352,0.04784687379761606,-0.032046817720453605,0.004617404503634105,-0.03666422222408771,0.22087192228832714,0.043597270315345854,0.004193830114072466,-0.17727465197298128,-0.21667809217425468,0.039403440201273385,ok
ptbxl_cpsc,inceptiontime,44,2,419,404,472,5.0949820619780875,3.5264703798914034,0.45680825948379933,0.6750465484524508,0.5721689410173748,0.08006273441051921,0.04041137969322425,0.007725593975833609,-0.03965135471729496,-0.0723371404346856,0.03268578571739064,0.15771633134922164,0.0032478866298274052,0.001277662480834459,-0.15446844471939422,-0.15643866886838717,0.001970224148992946,ok
ptbxl_cpsc,inceptiontime,44,3,420,425,450,5.774992073497749,3.5264703798914034,0.6750465484524508,0.8668964844861975,0.7663991366099907,0.06498225282638835,0.005897046412211734,0.0018972201266002943,-0.05908520641417662,-0.06308503269978806,0.00399982628561144,0.06657619520349191,0.004544703044119984,0.0006127429214992529,-0.062031492159371926,-0.06596345228199266,0.003931960122620731,ok
ptbxl_cpsc,inceptiontime,44,4,420,475,382,2.452715530723805,3.5264703798914034,0.8668964844861975,inf,1.0242407461079213,0.024413808578743326,0.00018812137878801535,0.0024885528036639936,-0.024225687199955312,-0.02192525577507933,-0.0023004314248759785,0.053918739387523264,0.00615824715396507,0.0016103841099442521,-0.047760492233558195,-0.05230835527757901,0.004547863044020818,ok
ptbxl_cpsc,inceptiontime,45,0,420,369,369,9.9674635603232,3.409269083439769,-inf,0.33062530100893656,0.19899802467845346,0.3111291291992463,0.0115628510897276,0.15105940035715115,-0.2995662781095187,-0.16006972884209514,-0.13949654926742355,0.515043164459431,0.020783558157321004,0.15538901726958204,-0.49425960630210997,-0.35965414718984895,-0.13460545911226104,ok
ptbxl_cpsc,inceptiontime,45,1,420,455,417,2.05204672314431,3.409269083439769,0.33062530100893656,0.5733571430942987,0.4590539882308584,0.031145003627215298,0.011574737591809714,0.08323571541052016,-0.019570266035405584,0.05209071178330486,-0.07166097781871045,0.1290679482699636,0.012466298800736533,0.023650515340729844,-0.11660164946922706,-0.10541743292923375,-0.01118421653999331,ok
ptbxl_cpsc,inceptiontime,45,2,419,408,472,2.535695935036543,3.409269083439769,0.5733571430942987,0.7810300176044687,0.6782628687788483,0.020385540090777234,0.021054800647475502,0.04098746645344591,0.0006692605566982687,0.02060192636266868,-0.01993266580597041,0.043466534908377076,0.006774451346456241,0.020372709698438306,-0.03669208356192084,-0.02309382520993877,-0.013598258351982065,ok
ptbxl_cpsc,inceptiontime,45,3,420,402,441,2.2249780547574476,3.409269083439769,0.7810300176044687,0.9833646271579756,0.8874204452940733,0.02503567731576371,0.0019022367360809977,0.013306495447027653,-0.023133440579682713,-0.011729181868736057,-0.011404258710946654,0.03718465241197736,0.0010200200828330438,0.0065175689955997845,-0.03616463232914432,-0.030667083416377576,-0.00549754891276674,ok
ptbxl_cpsc,inceptiontime,45,4,420,486,358,1.6394561370546221,3.409269083439769,0.9833646271579756,inf,1.1152668159998356,0.016841498703728818,0.002252490017514598,0.003031668089608349,-0.01458900868621422,-0.013809830614120468,-0.0007791780720937508,0.03773934122262447,0.010890485404928223,0.0009862959298114848,-0.02684885581769625,-0.03675304529281299,0.009904189475116738,ok
ptbxl_cpsc,inceptiontime,46,0,420,411,287,1.7162285226465368,2.1212841667648323,-inf,0.3787547941407525,0.27941125292690955,0.016731574685659844,0.014747683484479818,0.027107486759559745,-0.0019838912011800255,0.010375912073899901,-0.012359803275079927,0.37191502845871593,0.20493141578206958,0.1347802870635574,-0.16698361267664635,-0.23713474139515853,0.07015112871851217,ok
ptbxl_cpsc,inceptiontime,46,1,420,411,446,2.021857482072063,2.1212841667648323,0.3787547941407525,0.6237605298419538,0.5038984204837595,0.051952170529726595,0.0011487716999150836,0.0025897296953346937,-0.05080339882981151,-0.0493624408343919,-0.0014409579954196101,0.1583393987200673,0.01941437871620138,0.017528752944323645,-0.13892502000386592,-0.14081064577574365,0.0018856257718777338,ok
ptbxl_cpsc,inceptiontime,46,2,419,438,489,2.8080284968999507,2.1212841667648323,0.6237605298419538,0.842670892258342,0.735679958209639,0.07765216115563298,0.002196664833136577,0.001984289816545348,-0.0754554963224964,-0.07566787133908763,0.00021237501659122915,0.14947930753766098,0.005900441952613115,0.020383119110642556,-0.14357886558504787,-0.12909618842701842,-0.01448267715802944,ok
ptbxl_cpsc,inceptiontime,46,3,420,402,454,2.9172530267578716,2.1212841667648323,0.842670892258342,1.0219387382420724,0.9337680736711159,0.06975190506969525,0.0008934031885290411,0.007500435652128083,-0.06885850188116621,-0.06225146941756717,-0.006607032463599042,0.10535477469769217,0.008715388729952839,0.02040053619603691,-0.09663938596773933,-0.08495423850165526,-0.01168514746608407,ok
ptbxl_cpsc,inceptiontime,46,4,420,458,381,2.384169492436126,2.1212841667648323,1.0219387382420724,inf,1.13920205574495,0.023680812388914625,0.00043251151989277483,0.0011529636433203672,-0.02324830086902185,-0.02252784874559426,-0.0007204521234275923,0.03543532137571418,0.0045789640840356435,0.005967879875616044,-0.030856357291678536,-0.029467441500098137,-0.0013889157915804003,ok
chapman_ptbxl,resnet1d,42,0,405,782,64,1.136885604880015,1.1246149746958785,-inf,0.023287496412003193,0.017959680400938326,1.4807453234153827e-07,7.033055777101897e-06,5.293442976992618e-06,6.884981244760359e-06,5.14536844465108e-06,1.7396128001092792e-06,0.11668591515538265,0.11462640260266123,0.11486386680185846,-0.0020595125527214236,-0.0018220483535241888,-0.00023746419919723483,ok
chapman_ptbxl,resnet1d,42,1,405,849,95,1.1018864622696136,1.1246149746958785,0.023287496412003193,0.0564276299150685,0.035375676506122986,1.1589423741789445e-05,1.633419009152233e-07,2.138417585139123e-06,-1.1426081840874222e-05,-9.451006156650322e-06,-1.9750756842238994e-06,0.2197219880633902,0.21607364444890315,0.21506436762812078,-0.003648343614487043,-0.004657620435269405,0.0010092768207823621,ok
chapman_ptbxl,resnet1d,42,2,405,837,417,1.1530952973742101,1.1246149746958785,0.0564276299150685,0.3417367988836004,0.15281705406977963,0.0003012533716170634,0.0012836126922586033,0.0007188664309665236,0.0009823593206415397,0.0004176130593494602,0.0005647462612920796,0.27643764262246756,0.25418932837477154,0.2574907834623237,-0.02224831424769602,-0.01894685916014388,-0.003301455087552141,ok
chapman_ptbxl,resnet1d,42,3,405,813,781,1.1079454195702954,1.1246149746958785,0.3417367988836004,0.6837591605424587,0.5138063271264237,0.00022340656434499965,0.0009461076103798184,0.0014276843512261667,0.0007227010460348187,0.0012042777868811671,-0.0004815767408463483,0.030399535795603654,0.01901528606139293,0.018635836573248316,-0.011384249734210723,-0.011763699222355338,0.00037944948814461546,ok
chapman_ptbxl,resnet1d,42,4,405,769,815,1.1229159247932112,1.1246149746958785,0.6837591605424587,inf,0.8910143169089424,0.0019260735737094475,0.0015316673499159465,0.00143519240708245,-0.000394406223793501,-0.0004908811666269974,9.647494283349643e-05,0.025059274510533847,0.013776825256826466,0.01364717154418663,-0.011282449253707381,-0.011412102966347218,0.00012965371263983644,ok
chapman_ptbxl,resnet1d,43,0,405,763,67,1.245673231701194,1.1279350099751135,-inf,0.015244398135522972,0.00962671540711006,7.80008137498913e-06,1.752191694520765e-06,1.4277244220118927e-06,-6.047889680468366e-06,-6.372356952977238e-06,3.244672725088723e-07,0.07154136896040794,0.06927310259118613,0.07065575027888503,-0.002268266369221811,-0.0008856186815229122,-0.0013826476876988986,ok
chapman_ptbxl,resnet1d,43,1,405,773,133,1.2878000569078811,1.1279350099751135,0.015244398135522972,0.046878726958050204,0.02659574862509196,1.5231921387476488e-06,0.00017406367497410289,2.7411927536731715e-05,0.00017254048283535525,2.5888735397984065e-05,0.00014665174743737117,0.2807590554197789,0.2675815829277669,0.2763240253067761,-0.01317747249201201,-0.004435030113002836,-0.008742442379009174,ok
chapman_ptbxl,resnet1d,43,2,405,883,381,1.1389379444133618,1.1279350099751135,0.046878726958050204,0.265524805616323,0.12736445770535199,3.455448605839201e-05,9.027557268287859e-05,6.631031218099474e-05,5.572108662448658e-05,3.175582612260273e-05,2.396526050188385e-05,0.176141511356344,0.16025891003919915,0.161609491528007,-0.015882601317144862,-0.014532019828337017,-0.001350581488807845,ok
chapman_ptbxl,resnet1d,43,3,405,769,791,1.04079129913008,1.1279350099751135,0.265524805616323,0.6140657903179826,0.4460563455653515,0.0005177195025910838,0.0001780968860323045,0.0019111479906586217,-0.00033962261655877933,0.001393428488067538,-0.0017330511046263172,0.04840013953295545,0.043217036716102455,0.033864369931170396,-0.005183102816852997,-0.014535769601785056,0.00935266678493206,ok
chapman_ptbxl,resnet1d,43,4,405,862,800,1.1157153038913994,1.1279350099751135,0.6140657903179826,inf,0.8321477872766233,0.006235862466071588,0.003050488102886391,0.002435342977360921,-0.0031853743631851967,-0.0038005194887106666,0.0006151451255254699,0.0514769130835199,0.03787500830359206,0.03670078592728025,-0.013601904779927836,-0.014776127156239646,0.0011742223763118106,ok
chapman_ptbxl,resnet1d,44,0,405,853,57,1.0620587710302076,1.068435712009116,-inf,0.019984784041067932,0.015231589761326996,4.140696652881888e-07,2.5769848341618844e-06,2.963391014764722e-06,2.1629151688736955e-06,2.5493213494765333e-06,-3.864061806028378e-07,0.06823586178327538,0.0677038716404058,0.06763984634035464,-0.0005319901428695872,-0.000596015442920747,6.40253000511598e-05,ok
chapman_ptbxl,resnet1d,44,1,405,823,104,0.3689984355239264,1.068435712009116,0.019984784041067932,0.04703784100775733,0.029447721734388508,4.8214337310128325e-05,0.00011958431899731774,2.4362339680736103e-05,7.136998168718941e-05,-2.3851997629392222e-05,9.522197931658163e-05,0.086123634339245,0.08884975674548183,0.08477289848605367,0.0027261224062368333,-0.0013507358531913288,0.004076858259428162,ok
chapman_ptbxl,resnet1d,44,2,405,766,351,1.0850883479160547,1.068435712009116,0.04703784100775733,0.27673564730329925,0.1280071928631775,0.0004317727529936918,0.0001372009736946802,0.00018525762938384995,-0.0002945717792990116,-0.00024651512360984187,-4.805665568916975e-05,0.24012063324769098,0.2296443894589246,0.2318102085431798,-0.010476243788766382,-0.008310424704511182,-0.0021658190842551994,ok
chapman_ptbxl,resnet1d,44,3,405,797,749,1.1337800543949714,1.068435712009116,0.27673564730329925,0.6853054734690758,0.47221119182706744,0.0013474923467287694,0.0003470104905775697,0.00098160329176783,-0.0010004818561511997,-0.00036588905496093955,-0.0006345928011902602,0.04792383341825498,0.03302950617894183,0.04067786886364665,-0.014894327239313152,-0.007245964554608325,-0.007648362684704826,ok
chapman_ptbxl,resnet1d,44,4,405,811,911,1.0247528455811594,1.068435712009116,0.6853054734690758,inf,0.9290087456622131,0.002830816084335587,0.0021035206949207193,0.001582657165481518,-0.0007272953894148677,-0.001248158918854069,0.0005208635294392013,0.04143246778384122,0.03892132550474901,0.0330529916126131,-0.0025111422790922086,-0.008379476171228119,0.00586833389213591,ok
chapman_ptbxl,resnet1d,45,0,405,784,169,1.0044386024401761,0.987885834160384,-inf,0.1312016184799793,0.10890138205508394,6.767586681437423e-05,7.440780920076844e-05,5.1331590146285525e-05,6.731942386394208e-06,-1.6344276668088706e-05,2.3076219054482914e-05,0.21276310249954425,0.21238041450340156,0.2137826282442534,-0.0003826879961426888,0.0010195257447091488,-0.0014022137408518376,ok
chapman_ptbxl,resnet1d,45,1,405,777,284,1.0053559279605038,0.987885834160384,0.1312016184799793,0.2595953997933949,0.17873689297461373,6.281577139458548e-05,7.559689141337503e-05,3.871047991436752e-05,1.2781120018789542e-05,-2.4105291480217967e-05,3.688641149900751e-05,0.27834717548119586,0.27753831199281487,0.28014344430605986,-0.0008088634883809953,0.0017962688248640002,-0.0026051323132449955,ok
chapman_ptbxl,resnet1d,45,2,405,837,407,0.8848331739883294,0.987885834160384,0.2595953997933949,0.7702729965536648,0.48404931013357516,0.00010385216645422388,0.0008757764949962144,9.600190087133943e-05,0.0007719243285419905,-7.850265582884448e-06,0.000779774594124875,0.2655311694544089,0.29312286045524805,0.26935102508301406,0.027591691000839136,0.003819855628605151,0.023771835372233985,ok
chapman_ptbxl,resnet1d,45,3,405,776,544,1.0720436060279828,0.987885834160384,0.7702729965536648,0.8991803380794035,0.8335740930248996,0.002240118243184363,0.0014017999262508174,0.00194442159268486,-0.0008383183169335456,-0.00029569665049950303,-0.0005426216664340426,0.007331774283789465,0.005382526393376172,0.007974075591077772,-0.0019492478904132929,0.0006423013072883073,-0.0025915491977016,ok
chapman_ptbxl,resnet1d,45,4,405,876,768,0.9901070726495808,0.987885834160384,0.8991803380794035,inf,1.0109311336005486,0.004462852895633832,0.004927392393080506,0.004935281283532564,0.00046453949744667405,0.00047242838789873266,-7.888890452058608e-06,0.015455849157159838,0.015847091853491327,0.015882101897135105,0.000391242696331489,0.00042625273997526705,-3.501004364377808e-05,ok
chapman_ptbxl,resnet1d,46,0,405,801,46,1.0308032804489276,1.0635272287093325,-inf,0.023870977103525554,0.01624540042572264,2.403943765614389e-07,7.237443620041774e-11,3.4743977470872837e-07,-2.4032200212523846e-07,1.0704539814728948e-07,-3.4736740027252794e-07,0.1514504055753072,0.15105617917158345,0.15056880517603421,-0.0003942264037237464,-0.000881600399272986,0.00048737399554923955,ok
chapman_ptbxl,resnet1d,46,1,405,801,132,1.1120459342132059,1.0635272287093325,0.023870977103525554,0.06765982476564071,0.04084645593779737,8.83048119979186e-06,2.947312388325867e-06,2.908533004182741e-07,-5.883168811465992e-06,-8.539627899373586e-06,2.6564590879075927e-06,0.31569858511229476,0.30994714846294785,0.3127060314063587,-0.005751436649346908,-0.0029925537059360408,-0.0027588829434108675,ok
chapman_ptbxl,resnet1d,46,2,405,864,520,1.102594591432072,1.0635272287093325,0.06765982476564071,0.33829291623055957,0.1779422401903641,2.354375298763546e-05,0.0002440484985087677,0.00023497612128192948,0.00022050474552113224,0.00021143236829429402,9.072377226838224e-06,0.1484305027627032,0.1350225427384201,0.14023247379201628,-0.0134079600242831,-0.008198028970686916,-0.005209931053596184,ok
chapman_ptbxl,resnet1d,46,3,405,827,811,1.0376901664533926,1.0635272287093325,0.33829291623055957,0.7312141203278567,0.530295977241784,0.00012906216808977337,0.00028335627711003215,0.00029821826721780517,0.00015429410902025877,0.0001691560991280318,-1.4861990107773023e-05,0.051334477129668654,0.047548450731898895,0.043740556833356696,-0.0037860263977697595,-0.007593920296311958,0.0038078938985421987,ok
chapman_ptbxl,resnet1d,46,4,405,757,663,1.0372382402909819,1.0635272287093325,0.7312141203278567,inf,0.939207209955678,0.0011838417344136405,0.001131023032674984,0.001478583568889674,-5.28187017386566e-05,0.00029474183447603347,-0.00034756053621469007,0.008733953792187266,0.006958311908605165,0.0063345909024064,-0.0017756418835821013,-0.0023993628897808665,0.0006237210061987653,ok
chapman_ptbxl,inceptiontime,42,0,405,829,78,0.9321586932571969,0.9843878418023013,-inf,0.09156873879622432,0.06991014029845583,8.516570606839979e-07,6.6783051594102255e-06,1.1140778036889692e-09,5.8266480987262274e-06,-8.505429828803089e-07,6.677191081606537e-06,0.39607240867299126,0.4008803224986779,0.39728530286672253,0.004807913825686627,0.0012128941937312732,0.003595019631955354,ok
chapman_ptbxl,inceptiontime,42,1,405,770,227,1.0555268679763097,0.9843878418023013,0.09156873879622432,0.17571481590772536,0.12658509124608924,8.619599756796268e-06,8.181639908443899e-05,1.8953067996986113e-06,7.319679932764273e-05,-6.724292957097656e-06,7.992109228474038e-05,0.31735657260796407,0.31019412864114204,0.3192034540635653,-0.00716244396682203,0.0018468814556012458,-0.009009325422423275,ok
chapman_ptbxl,inceptiontime,42,2,405,849,556,1.0982600199565045,0.9843878418023013,0.17571481590772536,0.7788891981914564,0.36795412366930375,0.000425865472888188,0.0003499586736028112,0.0008107943260373962,-7.59067992853768e-05,0.00038492885314920817,-0.00046083565243458497,0.3255378404384293,0.29667463929887455,0.33052173863791734,-0.02886320113955476,0.004983898199488024,-0.033847099339042785,ok
chapman_ptbxl,inceptiontime,42,3,405,781,509,0.9226447116558825,0.9843878418023013,0.7788891981914564,1.0457498092502933,0.9448944945682027,0.0023999165220766625,0.000312398763625802,0.0008184485499275385,-0.0020875177584508604,-0.001581467972149124,-0.0005060497863017365,0.021117196346438733,0.024887360620932976,0.019659498039584295,0.0037701642744942428,-0.001457698306854438,0.005227862581348681,ok
chapman_ptbxl,inceptiontime,42,4,405,821,802,0.832924433586974,0.9843878418023013,1.0457498092502933,inf,1.1295464050127348,0.00286402154060702,0.0026294420019526044,0.004052906564963191,-0.00023457953865441573,0.001188885024356171,-0.0014234645630105867,0.002761421422795337,0.004210998467362026,0.0020995492754022882,0.0014495770445666894,-0.0006618721473930487,0.002111449191959738,ok
chapman_ptbxl,inceptiontime,43,0,405,781,72,0.9619288177597821,1.0389052969058246,-inf,0.09376211563592007,0.07356979551626709,2.5578814736960563e-05,8.148864442269967e-06,5.8147132549174765e-05,-1.7429950294690596e-05,3.25683178122142e-05,-4.99982681069048e-05,0.3263296372592856,0.3289679923804437,0.3232734998399026,0.00263835512115812,-0.003056137419382987,0.005694492540541107,ok
chapman_ptbxl,inceptiontime,43,1,405,806,229,0.9619759630411863,1.0389052969058246,0.09376211563592007,0.15951944906070994,0.12120707412024233,8.022788033523376e-06,4.856584044367514e-07,4.70517643780482e-05,-7.537129629086625e-06,3.902897634452483e-05,-4.656610597361145e-05,0.32315314057696704,0.3273168257523666,0.3184430290606638,0.004163685175399556,-0.004710111516303239,0.008873796691702796,ok
chapman_ptbxl,inceptiontime,43,2,405,806,464,1.1634999279661715,1.0389052969058246,0.15951944906070994,0.598550035554967,0.3018709186222784,0.0003276414598606151,0.000542764311752255,0.0001246317975061902,0.0002151228518916399,-0.00020300966235442492,0.0004181325142460648,0.3192269037339308,0.2747958930221309,0.3084834377517207,-0.04443101071179989,-0.010743465982210099,-0.03368754472958979,ok
chapman_ptbxl,inceptiontime,43,3,405,843,633,1.0591881562875198,1.0389052969058246,0.598550035554967,0.9587307752452252,0.8064081882642054,0.0013871332459850924,0.0022574103953259535,0.002007172722910127,0.0008702771493408611,0.0006200394769250346,0.0002502376724158265,0.023390324177762455,0.0170131801391136,0.0199332825377517,-0.006377144038648856,-0.0034570416400107537,-0.0029201023986381025,ok
chapman_ptbxl,inceptiontime,43,4,405,814,774,0.9108254643039795,1.0389052969058246,0.9587307752452252,inf,1.0995720414824883,0.0010584817204507169,0.0021491853042952913,0.000465348649911121,0.0010907035838445744,-0.0005931330705395959,0.0016838366543841703,0.004665706944402351,0.006933349292833477,0.003476053014136898,0.0022676423484311262,-0.001189653930265453,0.003457296278696579,ok
chapman_ptbxl,inceptiontime,44,0,405,846,72,1.215532636505514,1.0593891347337667,-inf,0.0617366986372133,0.04309154246453064,8.409199879752215e-07,0.00011904554789269746,2.4431014883346524e-06,0.00011820462790472224,1.602181500359431e-06,0.00011660244640436281,0.1914687146578286,0.18050821132265635,0.18912118489511706,-0.010960503335172261,-0.0023475297627115477,-0.008612973572460714,ok
chapman_ptbxl,inceptiontime,44,1,405,731,172,1.0138654202806436,1.0593891347337667,0.0617366986372133,0.12938628495263102,0.09178007584849515,3.515769467909362e-05,2.383445631758115e-05,1.2803844630438004e-06,-1.1323238361512474e-05,-3.387731021604982e-05,2.255407185453735e-05,0.39642760338967303,0.3950373147536242,0.3900938082105124,-0.001390288636048842,-0.006333795179160606,0.004943506543111764,ok
chapman_ptbxl,inceptiontime,44,2,405,837,463,1.1014156801682926,1.0593891347337667,0.12938628495263102,0.48402712326542296,0.25557174840288305,0.00034168608059089405,0.00018045396815069336,0.00030613973599780364,-0.00016123211244020068,-3.5546344593090405e-05,-0.00012568576784711028,0.34365776690762606,0.3182466423862102,0.3284331974574326,-0.025411124521415862,-0.01522456945019346,-0.010186555071222403,ok
chapman_ptbxl,inceptiontime,44,3,405,856,653,1.0490481098056559,1.0593891347337667,0.48402712326542296,0.895781667804024,0.710459217107557,0.0008573963538763988,0.0007494949038087216,0.0005095268716890934,-0.00010790145006767723,-0.0003478694821873055,0.00023996803211962826,0.02874949247712679,0.0228914344621808,0.02327169592451487,-0.005858058014945992,-0.0054777965526119216,-0.00038026146233407013,ok
chapman_ptbxl,inceptiontime,44,4,405,780,812,0.9402210881659092,1.0593891347337667,0.895781667804024,inf,1.0648985394326476,0.0008812596332329673,0.002756445690230654,0.0003743099783766132,0.0018751860569976868,-0.0005069496548563541,0.0023821357118540406,0.004972302585919679,0.006919546868121374,0.0024005165634898872,0.001947244282201695,-0.0025717860224297915,0.004519030304631487,ok
chapman_ptbxl,inceptiontime,45,0,405,798,71,0.8557940282209395,1.103969667968837,-inf,0.0574686511431009,0.042942120046939314,2.2892719777791883e-06,2.8309139129197237e-05,9.293997279556451e-06,2.601986715141805e-05,7.004725301777262e-06,1.9015141849640785e-05,0.22313109621812235,0.22700945910243944,0.21858227299677097,0.003878362884317088,-0.004548823221351389,0.008427186105668477,ok
chapman_ptbxl,inceptiontime,45,1,405,794,175,1.0803142815944096,1.103969667968837,0.0574686511431009,0.12973300023713988,0.08548042631221013,5.870980322857051e-05,1.4648139457504466e-06,9.454004326876115e-07,-5.724498928282007e-05,-5.77644027958829e-05,5.194135130628352e-07,0.4348748802082168,0.42596906177602917,0.42299188956803385,-0.008905818432187629,-0.011882990640182944,0.0029771722079953156,ok
chapman_ptbxl,inceptiontime,45,2,405,815,492,1.017686473219352,1.103969667968837,0.12973300023713988,0.6088985102916383,0.30995210599839834,0.0008448430139736047,0.0006328320477942782,0.0016113840963826865,-0.00021201096617932643,0.0007665410824090819,-0.0009785520485884082,0.3465972446293802,0.3407812920686437,0.3175849478062018,-0.00581595256073647,-0.029012296823178407,0.023196344262441937,ok
chapman_ptbxl,inceptiontime,45,3,405,807,527,1.2348790394586915,1.103969667968837,0.6088985102916383,0.8163954896914813,0.7256724736592955,0.00296447771802848,0.014395403725740323,0.007250865065577577,0.011430926007711843,0.004286387347549096,0.007144538660162746,0.025588726818489633,0.01135275730531053,0.017750174458578453,-0.014235969513179103,-0.00783855235991118,-0.006397417153267923,ok
chapman_ptbxl,inceptiontime,45,4,405,836,907,1.1870539315329351,1.103969667968837,0.8163954896914813,inf,0.9318982209403878,0.0044815069090934165,0.0015180380772455949,0.0018116230441310689,-0.002963468831847822,-0.002669883864962348,-0.000293584966885474,0.017675378454370533,0.005192571797521783,0.007869187090073913,-0.01248280665684875,-0.00980619136429662,-0.0026766152925521303,ok
chapman_ptbxl,inceptiontime,46,0,405,756,90,1.235474520018883,1.0741812157736539,-inf,0.02167915447518717,0.01431438043610483,2.455573988067238e-07,3.0337322518514128e-05,2.5744034982428592e-06,3.0091765119707405e-05,2.3288460994361357e-06,2.7762919020271267e-05,0.2707223588670023,0.2653477481972187,0.2695229773984132,-0.005374610669783619,-0.0011993814685891113,-0.004175229201194508,ok
chapman_ptbxl,inceptiontime,46,1,405,888,239,1.2166726128848246,1.0741812157736539,0.02167915447518717,0.08849637642811409,0.0462153876380262,0.00011774823914514886,2.989353974255253e-07,5.9033118123571636e-05,-0.00011744930374772334,-5.871512102157722e-05,-5.873418272614611e-05,0.3197937388723215,0.30570356909862895,0.3158573186316149,-0.01409016977369254,-0.003936420240706562,-0.010153749532985978,ok
chapman_ptbxl,inceptiontime,46,2,405,818,387,1.0298514998696253,1.0741812157736539,0.08849637642811409,0.48815562287547515,0.24742459042264073,0.00024279197767256746,9.924573939735018e-05,0.00016641285976681333,-0.00014354623827521728,-7.637911790575412e-05,-6.716712036946315e-05,0.2893741295171217,0.2840599171141347,0.27505148845587807,-0.0053142124029870175,-0.014322641061243646,0.009008428658256629,ok
chapman_ptbxl,inceptiontime,46,3,405,778,549,0.9973087993451246,1.0741812157736539,0.48815562287547515,0.7550330716590102,0.6215193274027304,0.0011593113827549854,0.0011992600526982715,0.0021756144258795514,3.994866994328611e-05,0.001016303043124566,-0.00097635437318128,0.02597638276169996,0.02654053750128826,0.018785178198853125,0.0005641547395883011,-0.007191204562846835,0.007755359302435136,ok
chapman_ptbxl,inceptiontime,46,4,405,810,907,1.0907954470803634,1.0741812157736539,0.7550330716590102,inf,0.9706154237839791,0.002442588957764297,0.0024952519573123847,0.002444913956428412,5.266299954808772e-05,2.3249986641151084e-06,5.0338000883972615e-05,0.00859456251418532,0.005625904764249414,0.006494789147844683,-0.0029686577499359055,-0.0020997733663406367,-0.0008688843835952687,ok
chapman_cpsc,resnet1d,42,0,396,825,130,1.1504695244435812,1.5364023448258783,-inf,0.03133642150938045,0.02490575444878905,7.749199267169256e-07,2.7839515942346473e-05,0.0008654319723736431,2.7064596015629548e-05,0.0008646570524469263,-0.0008375924564312967,0.0012369607873218332,0.0009468628564177408,4.313406793990905e-05,-0.00029009793090409243,-0.001193826719381924,0.0009037287884778318,ok
chapman_cpsc,resnet1d,42,1,396,776,155,0.8482314434938276,1.5364023448258783,0.03133642150938045,0.06221795621771277,0.043326194899270316,1.4343819691594426e-06,2.8131551140935443e-05,0.0015248236481987362,2.6697169171776e-05,0.0015233892662295768,-0.0014966920970578008,0.02204583559077473,0.023264972222736338,0.011611665121260587,0.0012191366319616072,-0.010434170469514144,0.011653307101475751,ok
chapman_cpsc,resnet1d,42,2,395,823,459,1.1370382635007412,1.5364023448258783,0.06221795621771277,0.27725126603744915,0.14636889549169171,0.0001435949026585998,0.0010178390839534585,0.004804277268553785,0.0008742441812948587,0.004660682365895185,-0.003786438184600327,0.11314269205537639,0.10118097138154053,0.06304808215551036,-0.011961720673835857,-0.05009460989986603,0.03813288922603017,ok
chapman_cpsc,resnet1d,42,3,396,803,501,1.5118272457252535,1.5364023448258783,0.27725126603744915,0.4932875707712859,0.3733169571338922,0.0006462214234982428,0.007443689309253725,0.008311581574548,0.006797467885755483,0.007665360151049757,-0.0008678922652942747,0.17844244541511062,0.09465291810121643,0.0922585650812768,-0.08378952731389419,-0.08618388033383381,0.0023943530199396212,ok
chapman_cpsc,resnet1d,42,4,396,731,812,3.46488924087724,1.5364023448258783,0.4932875707712859,inf,0.6735376065403834,0.013156534772822106,0.02867476291302789,0.0054392469436112196,0.015518228140205783,-0.007717287829210886,0.02323551596941667,0.20152979758145365,0.04042603759675842,0.12319585396215796,-0.16110375998469523,-0.07833394361929569,-0.08276981636539954,ok
chapman_cpsc,resnet1d,43,0,396,790,141,1.0637737780488865,1.2230061126829146,-inf,0.07049394259880985,0.060369681218900975,1.823691845884998e-05,6.212723345778066e-05,0.0004072133175169726,4.389031499893068e-05,0.0003889763990581226,-0.00034508608405919194,0.012324234731144908,0.01151976450273516,0.00898891983954413,-0.0008044702284097476,-0.0033353148916007783,0.0025308446631910307,ok
chapman_cpsc,resnet1d,43,1,396,741,125,1.115055235256256,1.2230061126829146,0.07049394259880985,0.10282624939336936,0.08425486934165537,7.586897344041494e-06,0.00014698730270578628,0.0005501674782697646,0.0001394004053617448,0.0005425805809257231,-0.0004031801755639783,0.037679175495754336,0.03405703392919489,0.02992882676541544,-0.0036221415665594475,-0.007750348730338894,0.004128207163779447,ok
chapman_cpsc,resnet1d,43,2,395,853,435,1.0107657076956984,1.2230061126829146,0.10282624939336936,0.47016480208210615,0.21325882464564644,5.0692951204232346e-05,2.762672224351136e-05,0.0016126291290789998,-2.3066228960720987e-05,0.0015619361778747675,-0.0015850024068354885,0.12037252771517143,0.11886254811705194,0.0895912120259445,-0.001509979598119493,-0.03078131568922693,0.029271336091107436,ok
chapman_cpsc,resnet1d,43,3,396,787,503,0.8916999860336985,1.2230061126829146,0.47016480208210615,0.6152329233597134,0.5304988144268383,0.0007994055117323412,0.00026349008719442986,0.007810072101635427,-0.0005359154245379113,0.007010666589903086,-0.0075465820144409975,0.19119602911268793,0.21420579502870238,0.13718400153987503,0.023009765916014446,-0.0540120275728129,0.07702179348882734,ok
chapman_cpsc,resnet1d,43,4,396,787,853,2.4736409651712896,1.2230061126829146,0.6152329233597134,inf,0.7840038019535379,0.008107623136082502,0.026651994961155542,0.008160156316940918,0.01854437182507304,5.253318085841549e-05,0.018491838644214623,0.1726967093192483,0.05534576320187027,0.137275309438303,-0.11735094611737804,-0.03542139988094531,-0.08192954623643273,ok
chapman_cpsc,resnet1d,44,0,396,757,121,1.1311126944763032,1.323635022792341,-inf,0.03641651688633899,0.025149664797556297,3.5721647034158286e-05,4.8952102779693005e-06,5.190342982900763e-05,-3.082643675618899e-05,1.6181782794849347e-05,-4.7008219551038334e-05,0.0029747673930486255,0.0025737332561887017,0.0016981955053236182,-0.00040103413685992377,-0.0012765718877250072,0.0008755377508650835,ok
chapman_cpsc,resnet1d,44,1,396,795,161,1.2587351201392247,1.323635022792341,0.03641651688633899,0.06320265806845315,0.04913138151399039,2.6546787285581257e-07,0.00024363902304519062,0.00045977733829429115,0.00024337355517233482,0.00045951187042143535,-0.00021613831524910053,0.029833950690381316,0.02434994947880863,0.02251397699037815,-0.005484001211572685,-0.007319973700003167,0.0018359724884304818,ok
chapman_cpsc,resnet1d,44,2,395,880,559,1.1142328583865488,1.323635022792341,0.06320265806845315,0.31355963353444505,0.12312781705653641,0.0005419226893436281,0.00011674964060031096,0.0004722370316938646,-0.00042517304874331715,-6.968565764976347e-05,-0.0003554873910935537,0.1283257507169159,0.11775860009292922,0.09546275233464915,-0.01056715062398668,-0.03286299838226675,0.02229584775828007,ok
chapman_cpsc,resnet1d,44,3,396,713,573,1.1671932721711509,1.323635022792341,0.31355963353444505,0.6618143965223496,0.5059006672909261,0.00025415272874386246,0.00221526328119427,0.006526262256711664,0.0019611105524504078,0.006272109527967801,-0.004310998975517394,0.2023538927070798,0.16466386178638123,0.13356485651006805,-0.03769003092069856,-0.06878903619701174,0.03109900527631318,ok
chapman_cpsc,resnet1d,44,4,396,813,643,2.3518889849831472,1.323635022792341,0.6618143965223496,inf,0.8785552223116734,0.005282184415034107,0.019132084629959578,0.0010701097506671446,0.013849900214925472,-0.004212074664366962,0.018061974879292432,0.16690696840214575,0.049589168868204685,0.11706304673789357,-0.11731779953394106,-0.04984392166425218,-0.06747387786968889,ok
chapman_cpsc,resnet1d,45,0,396,745,149,0.4491151149319718,1.5302028878708633,-inf,0.01619590601990138,0.01232190706412186,1.5306700030836375e-06,7.20594100003553e-06,0.0002784567033383431,5.675270996951893e-06,0.00027692603333525945,-0.00027125076233830756,0.0034795760646715835,0.00364846371569878,0.0017097202311585106,0.0001688876510271965,-0.0017698558335130729,0.0019387434845402694,ok
chapman_cpsc,resnet1d,45,1,396,802,140,1.2403377339996786,1.5302028878708633,0.01619590601990138,0.032990750763798184,0.0221383043085704,4.2240799671763664e-06,3.3059322731388654e-05,0.0006151288204859918,2.8835242764212288e-05,0.0006109047405188154,-0.0005820694977546031,0.02836594280141359,0.025753485048828833,0.01993064664913855,-0.002612457752584757,-0.008435296152275038,0.005822838399690281,ok
chapman_cpsc,resnet1d,45,2,395,795,433,1.2226005490094918,1.5302028878708633,0.032990750763798184,0.19118927289249896,0.08656065475461934,0.0006402395754737748,4.036359521716588e-05,0.0013117593397828813,-0.0005998759802566089,0.0006715197643091065,-0.0012713957445657155,0.08311014690365913,0.07117937823120671,0.05144995803288361,-0.011930768672452421,-0.03166018887077552,0.0197294201983231,ok
chapman_cpsc,resnet1d,45,3,396,848,721,1.6339262155067047,1.5302028878708633,0.19118927289249896,0.548856917756258,0.3682688530129972,0.001213230641175272,0.009848882855114744,0.006521877539603715,0.008635652213939473,0.005308646898428443,0.0033270053155110297,0.27273368271226955,0.15518939303724252,0.17005240273209762,-0.11754428967502703,-0.10268127998017193,-0.0148630096948551,ok
chapman_cpsc,resnet1d,45,4,396,768,614,2.5777951588032786,1.5302028878708633,0.548856917756258,inf,0.711488677435764,0.011773006543567627,0.014191919818656007,0.0018832339284983774,0.002418913275088379,-0.00988977261506925,0.01230868589015763,0.18552676654461014,0.06068126379511909,0.11779183988012919,-0.12484550274949105,-0.06773492666448096,-0.0571105760850101,ok
chapman_cpsc,resnet1d,46,0,396,784,135,1.002271419707357,1.3437991592772258,-inf,0.04351303308789595,0.03657585475657594,2.6922455834542503e-05,2.6182155331788692e-05,0.00021329488973943566,-7.403005027538109e-07,0.00018637243390489316,-0.00018711273440764697,0.03516480693294599,0.03513761128398235,0.02808054002984408,-2.7195648963640462e-05,-0.0070842669031019115,0.007057071254138271,ok
chapman_cpsc,resnet1d,46,1,396,770,160,1.1353901084499114,1.3437991592772258,0.04351303308789595,0.06788121439663675,0.0529660794531821,1.4689580070446791e-05,1.502974721870476e-05,0.0004938499615827429,3.401671482579694e-07,0.0004791603815122961,-0.0004788202143640381,0.04440407158079385,0.0411777195302249,0.03401750614486279,-0.0032263520505689466,-0.010386565435931056,0.007160213385362109,ok
chapman_cpsc,resnet1d,46,2,395,840,481,1.0251048374082548,1.3437991592772258,0.06788121439663675,0.39330071038928355,0.1455555995702424,4.6041381960399346e-05,5.1436101056305834e-05,0.002978241213711732,5.394719095906488e-06,0.0029321998317513327,-0.002926805112655426,0.11120593484548899,0.10904485725544506,0.07714873627925503,-0.0021610775900439277,-0.03405719856623396,0.03189612097619003,ok
chapman_cpsc,resnet1d,46,3,396,799,481,1.063061264213676,1.3437991592772258,0.39330071038928355,0.5321895841341759,0.46963514975149134,0.0009186226791771234,0.0013775610549898664,0.010273384471547837,0.000458938375812743,0.009354761792370714,-0.008895823416557971,0.22184795444668257,0.20788647375243188,0.1529582621280121,-0.013961480694250683,-0.06888969231867045,0.05492821162441977,ok
chapman_cpsc,resnet1d,46,4,396,765,800,2.776061722053986,1.3437991592772258,0.5321895841341759,inf,0.7005376911914939,0.01658770446503932,0.01869429889229884,0.008167404102619319,0.0021065944272595193,-0.008420300362420002,0.010526894789679522,0.24545009367749812,0.07987427025717272,0.18291322149090616,-0.1655758234203254,-0.06253687218659196,-0.10303895123373344,ok
chapman_cpsc,inceptiontime,42,0,396,773,188,1.1461615591160725,1.43222664517785,-inf,0.04863832189956919,0.037460471266752844,1.1109658173558549e-06,2.6326298456545975e-05,0.0006989188697611146,2.521533263919012e-05,0.0006978079039437587,-0.0006725925713045686,0.045195572271333674,0.04258408201003429,0.03421012960979267,-0.002611490261299386,-0.010985442661541008,0.008373952400241622,ok
chapman_cpsc,inceptiontime,42,1,396,829,291,0.97918739559749,1.43222664517785,0.04863832189956919,0.10154757614214618,0.06948473215672477,0.00014855597326699288,0.00017803024236932418,0.0009305985865421709,2.9474269102331302e-05,0.000782042613275178,-0.0007525683441728467,0.12486250034954349,0.1256872709288189,0.09643495746128343,0.0008247705792754079,-0.028427542888260063,0.02925231346753547,ok
chapman_cpsc,inceptiontime,42,2,395,852,605,1.266054259246195,1.43222664517785,0.10154757614214618,0.5658981732133626,0.27492348691422175,0.0006916986150935528,0.0037534392727375096,0.008186309546853801,0.003061740657643957,0.0074946109317602485,-0.0044328702741162915,0.20518737939179305,0.15528777823716294,0.12569488969285594,-0.0498996011546301,-0.0794924896989371,0.029592888544307,ok
chapman_cpsc,inceptiontime,42,3,396,744,444,2.2172805936961675,1.43222664517785,0.5658981732133626,0.7437276741270207,0.651169411473458,0.003688817797988538,0.04264848247238618,0.00764071799851649,0.03895966467439764,0.003951900200527951,0.03500776447386969,0.27249295968581694,0.0766570434784068,0.1633736684589811,-0.19583591620741014,-0.10911929122683584,-0.08671662498057431,ok
chapman_cpsc,inceptiontime,42,4,396,760,529,2.0731852935639146,1.43222664517785,0.7437276741270207,inf,0.896404435341296,0.0033699900032586904,0.011629170888592133,0.0015900676012358447,0.008259180885333443,-0.0017799224020228458,0.010039103287356289,0.15147020571718126,0.05610268257795602,0.09483780869724637,-0.09536752313922524,-0.05663239701993489,-0.03873512611929035,ok
chapman_cpsc,inceptiontime,43,0,396,770,216,0.8951545249230646,1.263318103660529,-inf,0.11417948532547485,0.0848552915236595,6.945287493010021e-05,4.769041635803204e-06,0.0011769871264820072,-6.468383329429701e-05,0.001107534251551907,-0.001172218084846204,0.020378930735828676,0.02231260058471884,0.013258471541369065,0.0019336698488901655,-0.007120459194459611,0.009054129043349776,ok
chapman_cpsc,inceptiontime,43,1,396,821,354,0.950974080910877,1.263318103660529,0.11417948532547485,0.1978583765490224,0.15139421888241467,5.711652617485285e-05,4.209176075776041e-06,0.002262956638685844,-5.2907350099076804e-05,0.002205840112510991,-0.0022587474626100676,0.095354362547306,0.09882220016750401,0.07204496636204118,0.0034678376201980055,-0.023309396185264827,0.026777233805462833,ok
chapman_cpsc,inceptiontime,43,2,395,732,439,1.193352420792568,1.263318103660529,0.1978583765490224,0.440377373270424,0.2973585573004683,0.00105133499604253,0.00017738777208888904,0.0009488000859541947,-0.000873947223953641,-0.00010253491008833536,-0.0007714123138653057,0.21570628610852835,0.17638057579609762,0.16225341629384837,-0.039325710312430734,-0.053452869814679976,0.014127159502249242,ok
chapman_cpsc,inceptiontime,43,3,396,854,546,1.5113601349951358,1.263318103660529,0.440377373270424,0.8440504048412529,0.6616376386554996,0.003281450941711057,0.011985890562139702,0.0037434914367686606,0.008704439620428644,0.00046204049505760335,0.008242399125371041,0.1467990262487607,0.06189831750391327,0.09453893839073581,-0.08490070874484744,-0.0522600878580249,-0.03264062088682254,ok
chapman_cpsc,inceptiontime,43,4,396,781,502,2.490386245006337,1.263318103660529,0.8440504048412529,inf,0.9509887107715704,0.000751239061254345,0.026741256963665815,0.004440615356185892,0.02599001790241147,0.0036893762949315465,0.022300641607479924,0.06801882573599055,0.010788770366174235,0.045019813741096835,-0.05723005536981632,-0.022999011994893716,-0.0342310433749226,ok
chapman_cpsc,inceptiontime,44,0,396,788,136,1.05668682357917,1.6118524350653665,-inf,0.027371930040436324,0.015481543686942423,4.09169701482226e-06,8.39083384740006e-06,0.0007121646710687523,4.299136832577799e-06,0.00070807297405393,-0.0007037738372213522,0.013336551046523358,0.013123296254786351,0.008039994511910294,-0.00021325479173700708,-0.005296556534613065,0.005083301742876058,ok
chapman_cpsc,inceptiontime,44,1,396,762,271,1.091996301917823,1.6118524350653665,0.027371930040436324,0.10823161242009134,0.05872503962824611,4.0791239179846145e-05,2.0253781528077536e-06,0.0024309114995051044,-3.876586102703839e-05,0.0023901202603252582,-0.0024288861213522966,0.06736071754720091,0.06468426145471434,0.041030213122376674,-0.0026764560924865677,-0.026330504424824236,0.023654048332337668,ok
chapman_cpsc,inceptiontime,44,2,395,883,517,1.1043009544285123,1.6118524350653665,0.10823161242009134,0.3654776252074297,0.24332698531398028,0.00011098861014471137,0.0002434667859562142,0.013078797072503307,0.00013247817581150284,0.012967808462358595,-0.012835330286547092,0.15358592939251603,0.14124481962845017,0.07356545061302638,-0.012341109764065855,-0.08002047877948965,0.06767936901542379,ok
chapman_cpsc,inceptiontime,44,3,396,721,434,1.5236268118066212,1.6118524350653665,0.3654776252074297,0.5761182382386535,0.460409304686439,0.0032145894791735866,0.007288019506511365,0.01201191327917677,0.004073430027337778,0.008797323800003183,-0.004723893772665405,0.3194251484728974,0.19319129442618083,0.17789818007362834,-0.12623385404671655,-0.14152696839926904,0.015293114352552484,ok
chapman_cpsc,inceptiontime,44,4,396,804,699,4.988322492085089,1.6118524350653665,0.5761182382386535,inf,0.7643855948704794,0.01893981900264901,0.02289951587649687,0.0021231170878395224,0.003959696873847861,-0.01681670191480949,0.02077639878865735,0.1989138972705616,0.026995436574572845,0.11398770599596189,-0.17191846069598876,-0.08492619127459972,-0.08699226942138905,ok
chapman_cpsc,inceptiontime,45,0,396,824,137,0.8844068591009628,1.2438574053340865,-inf,0.0621130463702461,0.03899800016223341,4.347430737647435e-05,9.259470295551028e-05,3.656694143962696e-05,4.912039557903593e-05,-6.907365936847386e-06,5.6027761515883315e-05,0.019580566062892612,0.02051107537828254,0.01597914892773053,0.000930509315389929,-0.003601417135162082,0.004531926450552011,ok
chapman_cpsc,inceptiontime,45,1,396,737,270,1.039791764737253,1.2438574053340865,0.0621130463702461,0.16942333000952753,0.10430764573262226,5.232888340133195e-06,3.46761533319792e-05,0.0008830858200200356,2.9443264991846004e-05,0.0008778529316799024,-0.0008484096666880564,0.12586094802629264,0.12322699168806533,0.10655263497095642,-0.0026339563382273,-0.019308313055336215,0.016674356717108915,ok
chapman_cpsc,inceptiontime,45,2,395,752,378,0.9996969269600556,1.2438574053340865,0.16942333000952753,0.4302194751532467,0.30181856274613805,2.4398729498889487e-05,2.4931190561582473e-05,0.00236442172931385,5.324610626929864e-07,0.0023400229998149606,-0.0023394905387522677,0.1279206099424893,0.12796672582022994,0.09068071456678894,4.611587774064341e-05,-0.037239895375700355,0.037286011253441,ok
chapman_cpsc,inceptiontime,45,3,396,818,599,1.0641123279252875,1.2438574053340865,0.4302194751532467,0.7353754120915768,0.5719469147644429,0.0011854545330479093,0.0019248404396464292,0.007406885931475879,0.00073938590659852,0.00622143139842797,-0.00548204549182945,0.22549946722016956,0.2086900851987673,0.1680715813323821,-0.016809382021402253,-0.057427885887787467,0.040618503866385214,ok
chapman_cpsc,inceptiontime,45,4,396,827,673,3.2611460142693502,1.2438574053340865,0.7353754120915768,inf,0.9290949787248616,0.003979663964082203,0.029711428451824597,0.006563285796938625,0.025731764487742392,0.0025836218328564213,0.023148142654885972,0.12333741101432033,0.026893211815739317,0.09423033108641174,-0.09644419919858102,-0.02910707992790859,-0.06733711927067243,ok
chapman_cpsc,inceptiontime,46,0,396,778,154,0.4201186564754144,1.4799010640794665,-inf,0.027478780019058263,0.017382251976530025,9.350959929295625e-07,1.6514819274778756e-06,0.00039597274997990275,7.163859345483132e-07,0.0003950376539869732,-0.00039432126805242487,0.0067368244152408675,0.007125951750655126,0.003894990972490186,0.0003891273354142584,-0.0028418334427506814,0.0032309607781649398,ok
chapman_cpsc,inceptiontime,46,1,396,860,247,1.1194161322331477,1.4799010640794665,0.027478780019058263,0.07542526076218581,0.04745377673227941,2.5111302983340344e-08,3.626830681399488e-05,0.0013908684947147216,3.624319551101154e-05,0.0013908433834117382,-0.0013546001879007267,0.07610100628751915,0.07274400203896651,0.05625831649494965,-0.0033570042485526336,-0.019842689792569493,0.01648568554401686,ok
chapman_cpsc,inceptiontime,46,2,395,800,510,1.1260538299399367,1.4799010640794665,0.07542526076218581,0.3222897996181718,0.17146138716315504,0.0010259505978683402,0.0006592448980340304,0.0023999953105333736,-0.0003667056998343098,0.0013740447126650334,-0.0017407504124993432,0.16530848382786742,0.15199507731344644,0.10543947937773225,-0.013313406514420978,-0.05986900445013517,0.04655559793571419,ok
chapman_cpsc,inceptiontime,46,3,396,772,470,1.2301281183643764,1.4799010640794665,0.3222897996181718,0.5307324823799319,0.4223222803477826,0.00013087785060241319,0.0019323870243423674,0.009413761704580205,0.0018015091737399542,0.009282883853977792,-0.007481374680237837,0.2791324244096254,0.22612829770509307,0.17921932133686228,-0.053004126704532306,-0.0999131030727631,0.0469089763682308,ok
chapman_cpsc,inceptiontime,46,4,396,748,676,3.4860283012272912,1.4799010640794665,0.5307324823799319,inf,0.703360899617099,0.008801676745515963,0.022830717937598236,0.0008635152084321874,0.014029041192082273,-0.007938161537083776,0.02196720272916605,0.2138194852521969,0.05490923534617801,0.14567290734179647,-0.1589102499060189,-0.06814657791040044,-0.09076367199561847,ok
cpsc_ptbxl,resnet1d,42,0,206,365,114,2.311190159154486,2.735393847264204,-inf,0.30191576985581203,0.24592354896626847,0.08734180872258261,0.0011688604071475252,0.003147118958360661,-0.08617294831543508,-0.08419468976422195,-0.001978258551213136,0.16227129657720454,0.016832677392341316,0.008962135608114907,-0.14543861918486323,-0.15330916096908964,0.00787054178422641,ok
cpsc_ptbxl,resnet1d,42,1,205,440,313,3.286657442613516,2.735393847264204,0.30191576985581203,0.49338387107192605,0.39238226334666887,0.12784079416481411,0.006776829855771357,6.350194985194199e-05,-0.12106396430904276,-0.12777729221496217,0.006713327905919416,0.21223860783746318,0.0034660376187917495,0.012161340291612316,-0.20877257021867143,-0.20007726754585087,-0.008695302672820565,ok
cpsc_ptbxl,resnet1d,42,2,205,389,375,3.8819551395484524,2.735393847264204,0.49338387107192605,0.6729603547768237,0.5833055900631524,0.16343099654575832,0.00021146227961088988,0.007988265956938008,-0.16321953426614744,-0.15544273058882033,-0.007776803677327118,0.35919965181847224,0.03862029059926812,0.07400426294632276,-0.3205793612192041,-0.28519538887214946,-0.035383972347054635,ok
cpsc_ptbxl,resnet1d,42,3,205,406,497,2.6468615980488064,2.735393847264204,0.6729603547768237,0.8409272792671516,0.764693465684969,0.08558398213367002,0.0023887614061723996,0.0016621254823246214,-0.08319522072749762,-0.0839218566513454,0.0007266359238477782,0.22463473768761894,0.0415575911697653,0.039086425113236796,-0.18307714651785365,-0.18554831257438215,0.002471166056528501,ok
cpsc_ptbxl,resnet1d,42,4,206,457,821,1.8223183230916358,2.735393847264204,0.8409272792671516,inf,0.9638546835447368,0.029064025564445466,0.004034278666216247,0.0036525709056622465,-0.02502974689822922,-0.02541145465878322,0.0003817077605540002,0.09985923651063643,0.036688462157756535,0.01633058862426379,-0.06317077435287989,-0.08352864788637264,0.020357873533492745,ok
cpsc_ptbxl,resnet1d,43,0,206,433,185,2.576612014953742,2.5512353145238826,-inf,0.40881426571113577,0.33858804582632757,0.07122716583304994,0.00505642518085895,0.0044378052137980075,-0.06617074065219099,-0.06678936061925193,0.0006186199670609425,0.16415680498747304,0.012227020536879475,0.009818335248952328,-0.15192978445059357,-0.15433846973852072,0.0024086852879271464,ok
cpsc_ptbxl,resnet1d,43,1,205,396,318,2.1718373718767,2.5512353145238826,0.40881426571113577,0.5962132775408446,0.49237003144588765,0.07004148121766018,3.1923197766808435e-05,0.0028094251382377693,-0.07000955801989338,-0.06723205607942241,-0.002777501940470961,0.24582393679229408,0.05331763070243034,0.030203979489520864,-0.19250630608986374,-0.21561995730277322,0.023113651212909477,ok
cpsc_ptbxl,resnet1d,43,2,205,395,405,2.8048488430107605,2.5512353145238826,0.5962132775408446,0.7870147196390759,0.6995604932818112,0.07180272394720272,0.0008909694621839729,0.0005234848023579399,-0.07091175448501874,-0.07127923914484478,0.00036748465982603296,0.24296053008686685,0.03588777940465762,0.04496413533869655,-0.20707275068220923,-0.1979963947481703,-0.00907635593403893,ok
cpsc_ptbxl,resnet1d,43,3,205,398,470,3.071431518620612,2.5512353145238826,0.7870147196390759,0.9119725620870099,0.8508035326061456,0.029614317639833996,0.010378854115535024,0.0033719865852959545,-0.019235463524298974,-0.02624233105453804,0.00700686753023907,0.18554725212695872,0.03254687822679611,0.040740941244238625,-0.1530003739001626,-0.14480631088272009,-0.008194063017442514,ok
cpsc_ptbxl,resnet1d,43,4,206,435,742,2.41201984304487,2.5512353145238826,0.9119725620870099,inf,1.0353343665072827,0.02981271515834101,0.001437256110541759,0.0005642565786925982,-0.028375459047799253,-0.02924845857964841,0.0008729995318491607,0.09536904862929983,0.02556404343973326,0.02402943036287353,-0.06980500518956657,-0.0713396182664263,0.0015346130768597276,ok
cpsc_ptbxl,resnet1d,44,0,206,456,151,2.846152673161269,3.2499354254623336,-inf,0.3637072749369005,0.27316486726610456,0.09992828077384273,0.0018582231902120419,0.006479772008805611,-0.09807005758363069,-0.09344850876503713,-0.004621548818593569,0.18020019470654838,0.013020075218088543,0.0005569514950365083,-0.16718011948845984,-0.17964324321151187,0.012463123723052034,ok
cpsc_ptbxl,resnet1d,44,1,205,386,266,4.0909131080892385,3.2499354254623336,0.3637072749369005,0.5261431464947438,0.4455788340230412,0.19261713789314142,0.0001444231692100617,0.007519170279610326,-0.19247271472393135,-0.1850979676135311,-0.007374747110400264,0.33031408537984724,0.01666634522365116,0.03667009965727225,-0.31364774015619606,-0.293643985722575,-0.02000375443362109,ok
cpsc_ptbxl,resnet1d,44,2,205,363,375,4.321267149009577,3.2499354254623336,0.5261431464947438,0.6725184002192738,0.6008830147259506,0.12963149757661002,0.008811184444326775,0.00013241060683310686,-0.12082031313228325,-0.1294990869697769,0.008678773837493667,0.285492569594614,0.01479272250730156,0.030124877454310316,-0.27069984708731243,-0.2553676921403037,-0.015332154947008757,ok
cpsc_ptbxl,resnet1d,44,3,205,413,537,3.0926755576974405,3.2499354254623336,0.6725184002192738,0.8219573351107122,0.7414789246012802,0.054570846815111415,0.0027448346176106734,0.002110381998845115,-0.05182601219750074,-0.0524604648162663,0.0006344526187655585,0.18950812908873838,0.02130347193263336,0.017558514586856366,-0.16820465715610503,-0.171949614501882,0.003744957345776994,ok
cpsc_ptbxl,resnet1d,44,4,206,439,791,2.150390870301953,3.2499354254623336,0.8219573351107122,inf,0.9442503817373902,0.021338457824646957,0.004802807602535285,0.006443559632480345,-0.016535650222111672,-0.014894898192166613,-0.00164075202994506,0.09390345966042812,0.02396686064761863,0.008664000023122858,-0.06993659901280949,-0.08523945963730527,0.01530286062449577,ok
cpsc_ptbxl,resnet1d,45,0,206,371,117,2.0636750449972405,3.124322258460556,-inf,0.2537470536824615,0.19762484957553061,0.027617450871787422,0.0022714578971768633,0.05727547330574699,-0.025345992974610557,0.02965802243395957,-0.055004015408570126,0.0950352861775232,0.009168487414629082,0.017206965796480136,-0.08586679876289412,-0.07782832038104306,-0.008038478381851054,ok
cpsc_ptbxl,resnet1d,45,1,205,453,252,4.242531052376891,3.124322258460556,0.2537470536824615,0.40509878224037554,0.3204043357756216,0.1274763336053444,0.014377720092112033,0.00033399749499370384,-0.11309861351323237,-0.1271423361103507,0.01404372259711833,0.23621192364141483,0.0028251994506582473,0.011016761396476036,-0.23338672419075657,-0.2251951622449388,-0.008191561945817789,ok
cpsc_ptbxl,resnet1d,45,2,205,428,358,3.5991121190902446,3.124322258460556,0.40509878224037554,0.6012546201565031,0.5033910744602995,0.14330777825086538,0.00028432286701951667,0.0007724275593437499,-0.14302345538384587,-0.14253535069152162,-0.00048810469232423326,0.3119084535835766,0.025385418319788345,0.037237666802522225,-0.28652303526378825,-0.2746707867810544,-0.01185224848273388,ok
cpsc_ptbxl,resnet1d,45,3,205,431,545,3.1267243366954696,3.124322258460556,0.6012546201565031,0.8168814506860023,0.7087875362338606,0.08302874075876318,0.0011620114244402428,0.001163014860765342,-0.08186672933432294,-0.08186572589799784,-1.0034363250991697e-06,0.16837065576904497,0.007206902791841257,0.007229847150787818,-0.16116375297720373,-0.16114080861825716,-2.294435894656128e-05,ok
cpsc_ptbxl,resnet1d,45,4,206,374,848,5.058691747495483,3.124322258460556,0.8168814506860023,inf,0.9613986040485724,0.03293547156092325,0.002605564717331625,0.0005746129898757812,-0.030329906843591627,-0.03236085857104747,0.002030951727455844,0.08901541461400109,0.002039379129701286,0.007393724760545338,-0.0869760354842998,-0.08162168985345575,-0.005354345630844051,ok
cpsc_ptbxl,resnet1d,46,0,206,423,202,1.0704075870774117,3.517769660732684,-inf,0.20836364833005094,0.133803672441092,0.0007896042622964,0.00040304225516437823,0.132871040071889,-0.0003865620071320218,0.13208143580959258,-0.1324679978167246,0.08141266091563434,0.07654727560175767,0.013784223436196664,-0.0048653853138766745,-0.06762843747943768,0.06276305216556101,ok
cpsc_ptbxl,resnet1d,46,1,205,456,268,24.47231886433504,3.517769660732684,0.20836364833005094,0.37634254808686074,0.3159706469050435,0.27101762724323825,0.0148728122412479,0.022276754063211394,-0.2561448150019903,-0.24874087318002686,-0.0074039418219634945,0.39605848273483407,0.00035567346642584926,0.05463802243697335,-0.39570280926840823,-0.3414204602978607,-0.0542823489705475,ok
cpsc_ptbxl,resnet1d,46,2,205,403,392,66.15487907648514,3.517769660732684,0.37634254808686074,0.5688026194291299,0.4572918567284066,0.36650777451101735,5.034287194729173e-05,0.04433395736774544,-0.3664574316390701,-0.3221738171432719,-0.044283614495798145,0.46663653927142845,0.005518030899556571,0.08081345153280216,-0.4611185083718719,-0.3858230877386263,-0.07529542063324558,ok
cpsc_ptbxl,resnet1d,46,3,205,402,502,2.7259433791202436,3.517769660732684,0.5688026194291299,0.7748489794549023,0.6834955139613931,0.10445527118989743,0.0021326343873989675,0.0027175556794063675,-0.10232263680249847,-0.10173771551049107,-0.0005849212920074,0.262859001788927,0.05298348955349521,0.03904187339048006,-0.2098755122354318,-0.22381712839844695,0.013941616163015147,ok
cpsc_ptbxl,resnet1d,46,4,206,373,756,3.078994621898929,3.517769660732684,0.7748489794549023,inf,0.8978145720299057,0.05958493288385216,0.004137699674593658,0.002218311547740213,-0.0554472332092585,-0.05736662133611194,0.0019193881268534446,0.09039027893213994,0.010808266690098309,0.007513070916769846,-0.07958201224204163,-0.08287720801537009,0.003295195773328463,ok
cpsc_ptbxl,inceptiontime,42,0,206,396,149,2.087587896756847,2.7500469670601704,-inf,0.33013853439079055,0.21302694847659498,0.057401660717119316,0.002491804646772926,0.008950893478616457,-0.05490985607034639,-0.04845076723850286,-0.0064590888318435315,0.11038879868986559,0.017727209692938076,0.003829508505695799,-0.09266158899692752,-0.10655929018416979,0.013897701187242276,ok
cpsc_ptbxl,inceptiontime,42,1,205,394,282,3.2164914812108445,2.7500469670601704,0.33013853439079055,0.6107170784990974,0.46523098270454677,0.07898239997341425,0.012594453068143385,0.008276004596526502,-0.06638794690527086,-0.07070639537688775,0.0043184484716168835,0.17242193606448109,0.0012887612933743518,0.007084970147548449,-0.17113317477110673,-0.16533696591693264,-0.005796208854174097,ok
cpsc_ptbxl,inceptiontime,42,2,205,446,408,3.469520458929588,2.7500469670601704,0.6107170784990974,0.8269632128604455,0.7250201230986687,0.06978771149472279,0.003799362647333405,0.000901124341226832,-0.06598834884738938,-0.06888658715349597,0.002898238306106573,0.2687381779600629,0.03668066389970962,0.054224377437125305,-0.23205751406035327,-0.2145138005229376,-0.017543713537415684,ok
cpsc_ptbxl,inceptiontime,42,3,205,408,527,2.4326963270134634,2.7500469670601704,0.8269632128604455,0.9975465715087447,0.9098233432578143,0.03209964398521134,2.4278766422874215e-05,0.00509331954648067,-0.03207536521878847,-0.027006324438730668,-0.0050690407800577965,0.13407504515542926,0.030332808516182343,0.0231046102917062,-0.10374223663924692,-0.11097043486372306,0.007228198224476144,ok
cpsc_ptbxl,inceptiontime,42,4,206,413,754,6.090719032843056,2.7500469670601704,0.9975465715087447,inf,1.1080148044805944,0.013033565497433798,0.009660328572224642,0.002488666243382097,-0.0033732369252091558,-0.0105448992540517,0.007171662328842545,0.04866425963151419,0.00111426327145775,0.005815643702266484,-0.04754999636005644,-0.042848615929247706,-0.004701380430808734,ok
cpsc_ptbxl,inceptiontime,43,0,206,337,86,1.7192706032340315,2.820685505967507,-inf,0.39220955163545196,0.29780753577059804,0.01825055156082819,0.010321958802510725,0.07968846687850807,-0.007928592758317464,0.06143791531767988,-0.06936650807599734,0.04308739018695175,0.002822427608064261,0.024838210015330518,-0.04026496257888749,-0.01824918017162123,-0.022015782407266257,ok
cpsc_ptbxl,inceptiontime,43,1,205,413,277,4.015696130450226,2.820685505967507,0.39220955163545196,0.572410795808484,0.484127620751335,0.10186536993576967,0.009494128311608185,0.002688155682768667,-0.09237124162416148,-0.099177214253001,0.006805972628839517,0.22190061781687498,0.0030467724438263265,0.018634807049931913,-0.21885384537304864,-0.20326581076694306,-0.015588034606105586,ok
cpsc_ptbxl,inceptiontime,43,2,205,498,535,5.01373213824194,2.820685505967507,0.572410795808484,0.7529590631708245,0.667411502215418,0.09606373993112001,0.0053760146976125885,0.00154804427838251,-0.09068772523350742,-0.0945156956527375,0.0038279704192300786,0.3005905549918042,0.027915141671596623,0.06928277304776084,-0.27267541332020756,-0.23130778194404336,-0.04136763137616422,ok
cpsc_ptbxl,inceptiontime,43,3,205,432,663,3.0465105165186888,2.820685505967507,0.7529590631708245,0.8918298063291236,0.809412764753476,0.07072306185252186,0.002908987013800075,0.004421812413185566,-0.06781407483872179,-0.0663012494393363,-0.0015128253993854915,0.2531372872039817,0.07680974559597287,0.0840277690464919,-0.17632754160800884,-0.1691095181574898,-0.007218023450519029,ok
cpsc_ptbxl,inceptiontime,43,4,206,377,559,2.1859265197052626,2.820685505967507,0.8918298063291236,inf,1.0052823024262798,0.05189925329942801,0.0112164463199153,0.005592364650557855,-0.04068280697951271,-0.046306888648870156,0.005624081669357446,0.14199451458143653,0.054470090706708815,0.04044135603010888,-0.08752442387472771,-0.10155315855132765,0.014028734676599937,ok
cpsc_ptbxl,inceptiontime,44,0,206,413,187,1.768508926208893,3.045572620744105,-inf,0.27606049304973673,0.18883725972978324,0.037389012309035595,0.006481623784060752,0.026879927135927257,-0.030907388524974842,-0.010509085173108338,-0.020398303351866504,0.11456601572807808,0.03291652023974061,0.0009081511395700227,-0.08164949548833747,-0.11365786458850806,0.03200836910017058,ok
cpsc_ptbxl,inceptiontime,44,1,205,381,337,3.475039037936607,3.045572620744105,0.27606049304973673,0.48735578085230413,0.3851679173459435,0.08364505122316562,0.015946057974766423,0.00632469434173664,-0.0676989932483992,-0.07732035688142898,0.009621363633029782,0.29598983322070294,0.029645554203503108,0.03212787987364068,-0.2663442790171998,-0.26386195334706225,-0.002482325670137571,ok
cpsc_ptbxl,inceptiontime,44,2,205,485,470,4.998529919419067,3.045572620744105,0.48735578085230413,0.6891451338664957,0.5966972331036395,0.14960005399333423,0.003753220104306352,0.005980589279280892,-0.1458468338890279,-0.14361946471405335,-0.0022273691749745404,0.2777621138008406,0.01924955591989329,0.042921470104239065,-0.2585125578809473,-0.23484064369660151,-0.023671914184345774,ok
cpsc_ptbxl,inceptiontime,44,3,205,359,474,4.867711187646702,3.045572620744105,0.6891451338664957,0.830598944853817,0.7525239920736781,0.11098846435608062,0.0003439374485130152,0.00685580442517524,-0.1106445269075676,-0.10413265993090538,-0.006511866976662225,0.18812435356335996,0.009237173355006572,0.025631632837284368,-0.1788871802083534,-0.1624927207260756,-0.016394459482277794,ok
cpsc_ptbxl,inceptiontime,44,4,206,419,652,3.2709064334451736,3.045572620744105,0.830598944853817,inf,0.9598000354273263,0.05823917090653053,0.002679966276011022,0.0033296503717166466,-0.05555920463051951,-0.054909520534813884,-0.0006496840957056246,0.11586227761810695,0.020131401324101048,0.025306585642400792,-0.09573087629400591,-0.09055569197570616,-0.0051751843182997435,ok
cpsc_ptbxl,inceptiontime,45,0,206,406,161,2.575891119548271,3.1687508769300905,-inf,0.3989233072715516,0.2892053181819685,0.06883071471647885,0.0112507993831246,0.027644685479802082,-0.05757991533335425,-0.04118602923667677,-0.016393886096677482,0.20433341822733223,0.023761630258303326,0.00692610422857251,-0.1805717879690289,-0.19740731399875971,0.016835526029730815,ok
cpsc_ptbxl,inceptiontime,45,1,205,400,301,4.5413781189601075,3.1687508769300905,0.3989233072715516,0.57558861913426,0.4856884340579978,0.18254316929461822,0.000820845916547852,0.005105480194277815,-0.18172232337807037,-0.1774376891003404,-0.004284634277729963,0.33901157953271716,0.019966122891294683,0.04420225413836433,-0.3190454566414225,-0.29480932539435284,-0.024236131247069647,ok
cpsc_ptbxl,inceptiontime,45,2,205,407,406,3.6925285826575185,3.1687508769300905,0.57558861913426,0.7484444967383053,0.6642701551807968,0.1261109061122476,0.0005822147660894089,0.0013198658650976245,-0.12552869134615818,-0.12479104024714997,-0.0007376510990082157,0.3031610233272205,0.03553435945595562,0.04535880317549085,-0.2676266638712649,-0.25780222015172966,-0.009824443719535225,ok
cpsc_ptbxl,inceptiontime,45,3,205,421,558,2.8221645418139545,3.1687508769300905,0.7484444967383053,0.8829983364243628,0.8163577477910496,0.06037310739119835,0.000532687807310503,0.0002042183088204971,-0.05984041958388785,-0.06016888908237785,0.00032846949849000585,0.1858271413351825,0.03870444355733003,0.03182673211097782,-0.14712269777785247,-0.15400040922420466,0.006877711446352207,ok
cpsc_ptbxl,inceptiontime,45,4,206,423,694,2.760972763517926,3.1687508769300905,0.8829983364243628,inf,0.9924036743212162,0.018962627800509908,0.0013734373895889051,0.003566238020236927,-0.017589190410921003,-0.015396389780272982,-0.0021928006306480216,0.1064610549633714,0.021928192124974044,0.01761665527971207,-0.08453286283839735,-0.08884439968365933,0.004311536845261973,ok
cpsc_ptbxl,inceptiontime,46,0,206,457,143,1.9234271167649342,2.7373150664726684,-inf,0.3804321076817378,0.27324045217616794,0.03434943695828602,0.005487491098941552,0.03038701277688009,-0.028861945859344464,-0.003962424181405928,-0.02489952167793854,0.05087700592863136,0.009652473396009914,0.027027862159021507,-0.04122453253262145,-0.023849143769609855,-0.017375388763011593,ok
cpsc_ptbxl,inceptiontime,46,1,205,371,230,3.323254058430021,2.7373150664726684,0.3804321076817378,0.5838977452053847,0.48014966606727383,0.0911232595660422,0.015267827355441495,0.005383897193968223,-0.0758554322106007,-0.08573936237207397,0.009883930161473271,0.15663417834258203,0.0012372252241620691,0.002379000121050705,-0.15539695311841997,-0.1542551782215313,-0.001141774896888636,ok
cpsc_ptbxl,inceptiontime,46,2,205,416,399,3.220818485559918,2.7373150664726684,0.5838977452053847,0.7822330024915225,0.6913651830185097,0.09369509644954724,0.00016655247864841253,0.000604182043169154,-0.09352854397089883,-0.09309091440637808,-0.0004376295645207415,0.21704784790016077,0.015678002235462132,0.02529870568733198,-0.20136984566469862,-0.1917491422128288,-0.009620703451869848,ok
cpsc_ptbxl,inceptiontime,46,3,205,355,464,3.19509757857587,2.7373150664726684,0.7822330024915225,0.9296670994368768,0.850621687841467,0.07096311596828492,0.000720488847419608,0.002768740272354282,-0.0702426271208653,-0.06819437569593063,-0.002048251424934674,0.1073032986798461,0.0043271267580497225,0.009484823098862057,-0.10297617192179638,-0.09781847558098404,-0.005157696340812335,ok
cpsc_ptbxl,inceptiontime,46,4,206,458,884,4.13263424083352,2.7373150664726684,0.9296670994368768,inf,1.0606698816356814,0.03927614005891345,0.000998632324097359,0.0015149039769262905,-0.03827750773481609,-0.037761236081987164,-0.0005162716528289315,0.04702824638618397,0.0001641616272289063,0.0016555397712732986,-0.046864084758955066,-0.04537270661491067,-0.0014913781440443923,ok
cpsc_chapman,resnet1d,42,0,206,352,836,0.9262025096434449,2.060530990563663,-inf,0.48300369300776685,0.39403230935149824,0.0005055858556110831,0.00031549455533215644,0.07017800652323307,-0.00019009130027892665,0.06967242066762198,-0.06986251196790091,0.002839895559212689,0.0009807549736850375,0.09676148225844498,-0.0018591405855276515,0.0939215866992323,-0.09578072728475995,ok
cpsc_chapman,resnet1d,42,1,205,469,622,2.9570366649407127,2.060530990563663,0.48300369300776685,0.7295871057759108,0.6007111652052742,0.10795421786296433,0.0013377251201577716,0.00489245377449035,-0.10661649274280656,-0.10306176408847398,-0.0035547286543325786,0.008107695129354381,0.07146660941873728,0.02888316287670809,0.0633589142893829,0.020775467747353706,0.042583446542029196,ok
cpsc_chapman,resnet1d,42,2,205,388,632,6.417352456386245,2.060530990563663,0.7295871057759108,0.902498099941283,0.8276943942312915,0.07786721456868254,0.005738367340892389,0.006933074539779378,-0.07212884722779014,-0.07093414002890316,-0.001194707198886989,0.03755840859253755,0.02962687392048439,0.0009219444198544207,-0.007931534672053157,-0.036636464172683125,0.028704929500629972,ok
cpsc_chapman,resnet1d,42,3,205,360,649,2.8569296061704583,2.060530990563663,0.902498099941283,1.054742947165594,0.9769715325392,0.044958140743972516,0.0026880213822663597,0.001773460381840912,-0.04227011936170616,-0.043184680362131606,0.0009145610004254478,0.026639743855315284,0.00656471810972383,0.002700543607826935,-0.020075025745591453,-0.02393920024748835,0.0038641745018968944,ok
cpsc_chapman,resnet1d,42,4,206,488,1219,1.658674764522949,2.060530990563663,1.054742947165594,inf,1.177356899524557,0.009335175334326526,0.00028829535763746764,0.0015215463670560387,-0.009046879976689058,-0.007813628967270487,-0.001233251009418571,0.0068581899208365795,0.0010617886759663698,0.002363660467519663,-0.00579640124487021,-0.004494529453316917,-0.001301871791553293,ok
cpsc_chapman,resnet1d,43,0,206,395,732,1.1288013088608346,2.5513717677375434,-inf,0.2073664279001589,0.14347709894900293,0.0005358556447486424,4.724077743017153e-05,0.06515213049281175,-0.0004886148673184709,0.06461627484806311,-0.06510488971538159,0.003718335912644699,0.0019615915905456275,0.04923649218979228,-0.0017567443220990716,0.04551815627714758,-0.047274900599246654,ok
cpsc_chapman,resnet1d,43,1,205,376,1151,2.2049440782899743,2.5513717677375434,0.2073664279001589,0.5038858290395594,0.3573848225106339,0.04765663957777748,0.04337546587642172,0.03941110029456757,-0.004281173701355757,-0.00824553928320991,0.003964365581854153,0.03274260768529616,0.013741461376353684,0.02225183747762024,-0.019001146308942476,-0.010490770207675922,-0.008510376101266554,ok
cpsc_chapman,resnet1d,43,2,205,464,573,45.35851904537306,2.5513717677375434,0.5038858290395594,0.6879681296520478,0.5925863644228351,0.3230887243273216,0.00025300406831723504,0.0715385834400364,-0.32283572025900437,-0.2515501408872852,-0.07128557937171916,0.044529397897968837,0.11648986289933827,0.022928668930743915,0.07196046500136943,-0.02160072896722492,0.09356119396859436,ok
cpsc_chapman,resnet1d,43,3,205,410,723,4.309785675235155,2.5513717677375434,0.6879681296520478,0.8428475927753845,0.7716807531137151,0.1297250685541215,0.005448800833059318,0.014291402553550882,-0.12427626772106218,-0.11543366600057062,-0.008842601720491564,0.04263224507404635,0.015643825769970674,0.0010591887897978757,-0.026988419304075677,-0.041573056284248476,0.014584636980172799,ok
cpsc_chapman,resnet1d,43,4,206,412,779,2.624956734822429,2.5513717677375434,0.8428475927753845,inf,0.9691736675030923,0.05102889872977712,0.00377528922171262,0.0037520946170649253,-0.047253609508064495,-0.04727680411271219,2.319460464769458e-05,0.026914736793141072,0.0017921381105668911,0.0007860703288686613,-0.02512259868257418,-0.02612866646427241,0.0010060677816982298,ok
cpsc_chapman,resnet1d,44,0,206,393,692,5.332627624807509,3.129226923583734,-inf,0.4350748354786014,0.3568808592400188,0.2284962498124563,0.056752493845051065,0.014420754288854067,-0.17174375596740524,-0.21407549552360225,0.042331739556197,0.05176044625108977,0.09416712663267823,0.034087268709379746,0.042406680381588464,-0.017673177541710022,0.06007985792329849,ok
cpsc_chapman,resnet1d,44,1,205,452,776,3.568352450033554,3.129226923583734,0.4350748354786014,0.622934992514837,0.5340033568582698,0.1457761972964741,8.54088746154607e-05,0.03061405353987911,-0.14569078842185862,-0.11516214375659498,-0.030528644665263647,0.03390583584144907,0.04643116960835071,0.03887731109507024,0.012525333766901639,0.004971475253621169,0.00755385851328047,ok
cpsc_chapman,resnet1d,44,2,205,424,760,3.0995536944840696,3.129226923583734,0.622934992514837,0.7798490106643291,0.7051301310429666,0.07189553487721728,0.0024324893942561225,0.0030906606082950257,-0.06946304548296116,-0.06880487426892226,-0.0006581712140389033,0.049003332361101576,0.005893682819444328,0.006166142326619216,-0.04310964954165725,-0.04283719003448236,-0.0002724595071748881,ok
cpsc_chapman,resnet1d,44,3,205,372,820,1.9090125293752838,3.129226923583734,0.7798490106643291,0.9022788004259076,0.8354785241126716,0.03822794787691336,0.005115750754266082,0.007570335964239939,-0.03311219712264728,-0.03065761191267342,-0.0024545852099738565,0.02661984420113767,0.0002533986457541174,0.005496920000962188,-0.02636644555538355,-0.02112292420017548,-0.005243521355208071,ok
cpsc_chapman,resnet1d,44,4,206,416,910,1.5540712293461283,3.129226923583734,0.9022788004259076,inf,1.0115774248580134,0.0203095658760038,0.0034271144276258486,0.001056612802740705,-0.01688245144837795,-0.019252953073263093,0.0023705016248851433,0.029785455854373283,0.007647515672916353,0.0003804578485739847,-0.022137940181456928,-0.029404998005799297,0.007267057824342369,ok
cpsc_chapman,resnet1d,45,0,206,447,1120,1.5343093725213437,2.7420416729172334,-inf,0.39668947559524587,0.26759137897232205,0.0114052020315366,0.010622549198185668,0.06930725633508861,-0.0007826528333509317,0.05790205430355201,-0.058684707136902936,0.0021637109011916934,0.009970598838857045,0.1018030850309658,0.007806887937665352,0.09963937412977411,-0.09183248619210875,ok
cpsc_chapman,resnet1d,45,1,205,343,470,6.8799899246719,2.7420416729172334,0.39668947559524587,0.5341854687061941,0.4600006503053678,0.21919187832455353,0.002875762302888527,0.015129949422988065,-0.216316116021665,-0.20406192890156546,-0.012254187120099538,0.05106080215600306,0.08483957419382569,0.013330124198831202,0.03377877203782263,-0.03773067795717186,0.07150944999499449,ok
cpsc_chapman,resnet1d,45,2,205,406,687,2.2976297095202587,2.7420416729172334,0.5341854687061941,0.7011047598154732,0.6260993844993106,0.10136334643335793,0.0020878805799535386,0.00019271187110836492,-0.09927546585340438,-0.10117063456224956,0.0018951687088451738,0.022095619801672125,0.01517821918451215,0.028058338160068863,-0.006917400617159975,0.005962718358396738,-0.012880118975556713,ok
cpsc_chapman,resnet1d,45,3,204,455,1021,2.8662067927284527,2.7420416729172334,0.7011047598154732,0.876115165266192,0.7785549153516758,0.08108615803745846,0.0007675074650786499,0.0011426180884091801,-0.0803186505723798,-0.07994353994904928,-0.0003751106233305302,0.006709877362374257,0.024866224654140654,0.022415680125612465,0.0181563472917664,0.015705802763238207,0.002450544528528189,ok
cpsc_chapman,resnet1d,45,4,207,406,660,6.236694386925566,2.7420416729172334,0.876115165266192,inf,0.9985897540022302,0.06771194676656907,0.0009557474717769583,0.010080116294464932,-0.06675619929479211,-0.057631830472104136,-0.009124368822687974,0.01318526964887153,0.01791689883974247,0.00556195809196517,0.00473162919087094,-0.00762331155690636,0.0123549407477773,ok
cpsc_chapman,resnet1d,46,0,206,459,1200,2.214175485077331,3.182498004378729,-inf,0.32634964702857727,0.23182487876558808,0.051999455226419,0.021525434231144575,0.030933194571607765,-0.030474020995274426,-0.021066260654811236,-0.00940776034046319,4.8921212857778636e-06,0.055801740770420424,0.1383291893716151,0.055796848649134645,0.13832429725032933,-0.08252744860119467,ok
cpsc_chapman,resnet1d,46,1,205,388,446,8.678930447971663,3.182498004378729,0.32634964702857727,0.46772731561637126,0.3934771984268059,0.26730007642995596,0.001634161811708349,0.01970772516115721,-0.2656659146182476,-0.24759235126879875,-0.018073563349448863,0.04812436216458843,0.11464657426230217,0.02764965782256732,0.06652221209771374,-0.02047470434202111,0.08699691643973484,ok
cpsc_chapman,resnet1d,46,2,204,413,651,4.144245601951179,3.182498004378729,0.46772731561637126,0.6836061009068286,0.5737202510894066,0.13713757539741117,0.0015128329531847889,0.00028952280586884915,-0.13562474244422637,-0.1368480525915423,0.0012233101473159399,0.08026646016019215,0.020077842886789165,0.005248008060277848,-0.06018861727340298,-0.0750184520999143,0.014829834826511318,ok
cpsc_chapman,resnet1d,46,3,206,422,723,2.313980324613127,3.182498004378729,0.6836061009068286,0.8308926614828537,0.7641867922381474,0.04338484030913326,0.002460291672768998,0.005114408283327666,-0.040924548636364265,-0.038270432025805594,-0.002654116610558668,0.04271019296183935,0.00019634346911368242,0.0049952101658681325,-0.04251384949272567,-0.03771498279597122,-0.00479886669675445,ok
cpsc_chapman,resnet1d,46,4,206,375,938,2.4575339227444633,3.182498004378729,0.8308926614828537,inf,0.9496517240661002,0.02933397191258708,0.0017994391987204324,0.0005768393428674967,-0.027534532713866647,-0.028757132569719582,0.0012225998558529358,0.04135731546402695,0.0009195280813549066,0.001636378446091703,-0.04043778738267204,-0.03972093701793524,-0.0007168503647367964,ok
cpsc_chapman,inceptiontime,42,0,206,396,778,2.087587896756847,2.7500469670601704,-inf,0.33013853439079055,0.21302694847659498,0.057401660717119316,0.002491804646772926,0.008950893478616457,-0.05490985607034639,-0.04845076723850286,-0.0064590888318435315,0.0012554477982104518,0.034250802559158904,0.08435065535590157,0.032995354760948455,0.08309520755769112,-0.050099852796742665,ok
cpsc_chapman,inceptiontime,42,1,205,394,796,3.2164914812108445,2.7500469670601704,0.33013853439079055,0.6107170784990974,0.46523098270454677,0.07898239997341425,0.012594453068143385,0.008276004596526502,-0.06638794690527086,-0.07070639537688775,0.0043184484716168835,0.0037367229079674665,0.1112994705437179,0.08555926415350658,0.10756274763575044,0.08182254124553912,0.025740206390211323,ok
cpsc_chapman,inceptiontime,42,2,205,446,792,3.469520458929588,2.7500469670601704,0.6107170784990974,0.8269632128604455,0.7250201230986687,0.06978771149472279,0.003799362647333405,0.000901124341226832,-0.06598834884738938,-0.06888658715349597,0.002898238306106573,0.018901590616668976,0.03794315755089921,0.022277611000681187,0.019041566934230238,0.0033760203840122113,0.015665546550218026,ok
cpsc_chapman,inceptiontime,42,3,205,408,708,2.4326963270134634,2.7500469670601704,0.8269632128604455,0.9975465715087447,0.9098233432578143,0.03209964398521134,2.4278766422874215e-05,0.00509331954648067,-0.03207536521878847,-0.027006324438730668,-0.0050690407800577965,0.01765757160182977,0.002865131837467388,0.005093539901301249,-0.014792439764362383,-0.01256403170052852,-0.0022284080638338612,ok
cpsc_chapman,inceptiontime,42,4,206,413,884,6.090719032843056,2.7500469670601704,0.9975465715087447,inf,1.1080148044805944,0.013033565497433798,0.009660328572224642,0.002488666243382097,-0.0033732369252091558,-0.0105448992540517,0.007171662328842545,0.009890350750521951,0.009733585242379914,0.0014637156193042465,-0.0001567655081420368,-0.008426635131217705,0.008269869623075668,ok
cpsc_chapman,inceptiontime,43,0,206,337,575,1.7192706032340315,2.820685505967507,-inf,0.39220955163545196,0.29780753577059804,0.01825055156082819,0.010321958802510725,0.07968846687850807,-0.007928592758317464,0.06143791531767988,-0.06936650807599734,0.0004844990228595609,0.019162317606217887,0.0995750844962624,0.018677818583358326,0.09909058547340284,-0.08041276689004451,ok
cpsc_chapman,inceptiontime,43,1,205,413,589,4.015696130450226,2.820685505967507,0.39220955163545196,0.572410795808484,0.484127620751335,0.10186536993576967,0.009494128311608185,0.002688155682768667,-0.09237124162416148,-0.099177214253001,0.006805972628839517,0.01884755362328718,0.08816066673724292,0.05143269354587405,0.06931311311395574,0.03258513992258687,0.03672797319136887,ok
cpsc_chapman,inceptiontime,43,2,205,498,884,5.01373213824194,2.820685505967507,0.572410795808484,0.7529590631708245,0.667411502215418,0.09606373993112001,0.0053760146976125885,0.00154804427838251,-0.09068772523350742,-0.0945156956527375,0.0038279704192300786,0.043802113271537005,0.035128936107154854,0.01023433194311893,-0.008673177164382151,-0.033567781328418075,0.024894604164035924,ok
cpsc_chapman,inceptiontime,43,3,205,432,963,3.0465105165186888,2.820685505967507,0.7529590631708245,0.8918298063291236,0.809412764753476,0.07072306185252186,0.002908987013800075,0.004421812413185566,-0.06781407483872179,-0.0663012494393363,-0.0015128253993854915,0.048201100168431606,0.00494563183263768,0.002981344160444044,-0.043255468335793926,-0.04521975600798756,0.001964287672193636,ok
cpsc_chapman,inceptiontime,43,4,206,377,947,2.1859265197052626,2.820685505967507,0.8918298063291236,inf,1.0052823024262798,0.05189925329942801,0.0112164463199153,0.005592364650557855,-0.04068280697951271,-0.046306888648870156,0.005624081669357446,0.03157407254547788,0.0025840168066416317,0.00040749266314760353,-0.02899005573883625,-0.031166579882330275,0.0021765241434940283,ok
cpsc_chapman,inceptiontime,44,0,206,416,1027,1.9795043054050687,2.4961150801808736,-inf,0.4906217812684058,0.3677886383386126,0.01888378352043851,0.014505868399714678,0.0391217261312402,-0.0043779151207238316,0.020237942610801692,-0.024615857731525526,8.796991167943303e-05,0.047004441142744935,0.09008342110573647,0.0469164712310655,0.08999545119405704,-0.04307897996299154,ok
cpsc_chapman,inceptiontime,44,1,205,412,646,3.0759997783612776,2.4961150801808736,0.4906217812684058,0.6622894992807878,0.576373316740014,0.08900458471558897,0.003371784736680807,6.086845170950403e-05,-0.08563279997890817,-0.08894371626387947,0.003310916284971303,0.012192532626448807,0.059948143128827125,0.043366680143650194,0.047755610502378316,0.031174147517201385,0.01658146298517693,ok
cpsc_chapman,inceptiontime,44,2,205,382,620,2.6702298104322444,2.4961150801808736,0.6622894992807878,0.8005064639303908,0.7297331001355859,0.08701645675992373,0.0008794789888232796,0.0019440896244995026,-0.08613697777110045,-0.08507236713542422,-0.0010646106356762232,0.010927557832214685,0.03199523747852591,0.02767139665477435,0.021067679646311226,0.016743838822559663,0.004323840823751559,ok
cpsc_chapman,inceptiontime,44,3,205,415,733,2.716943618641551,2.4961150801808736,0.8005064639303908,0.9271789815814203,0.8560098361055072,0.04856630934992093,0.0006121415408165065,0.0030879851713682322,-0.04795416780910442,-0.045478324178552694,-0.0024758436305517256,0.010294332292960756,0.012485522086772397,0.009711853727888083,0.002191189793811641,-0.0005824785650726735,0.0027736683588843146,ok
cpsc_chapman,inceptiontime,44,4,206,432,932,2.613881530228879,2.4961150801808736,0.9271789815814203,inf,1.0539690161522466,0.020776743691572917,0.0024650259432859793,0.004689630450886835,-0.018311717748286938,-0.016087113240686082,-0.0022246045076008557,0.015852406055906376,0.004144835635844799,0.0035478000691247643,-0.011707570420061576,-0.012304605986781611,0.0005970355667200347,ok
cpsc_chapman,inceptiontime,45,0,206,442,1001,2.443711703127942,3.437562736300545,-inf,0.3173981533007124,0.20378293899349595,0.021292618632747083,0.023413893910931984,0.0634075720737868,0.002121275278184901,0.04211495344103972,-0.03999367816285482,0.00817282010771712,0.03536982363779437,0.09351032156897811,0.027197003530077247,0.08533750146126098,-0.05814049793118374,ok
cpsc_chapman,inceptiontime,45,1,205,387,589,6.963115519576603,3.437562736300545,0.3173981533007124,0.505158434761303,0.4146519660459674,0.17500217426015036,0.009647463369037861,0.0019244741206695477,-0.1653547108911125,-0.17307770013948082,0.007722989248368313,0.06412095202699879,0.07340503395141884,0.02181313182126675,0.009284081924420054,-0.04230782020573204,0.05159190213015209,ok
cpsc_chapman,inceptiontime,45,2,205,363,625,4.574225084330471,3.437562736300545,0.505158434761303,0.6722974807454006,0.5902145656148436,0.167995604457662,0.0013742101146900305,0.0036944027598514,-0.166621394342972,-0.16430120169781062,-0.002320192645161369,0.08048586936714636,0.013342563186590795,0.0036429378913776012,-0.06714330618055556,-0.07684293147576876,0.009699625295213194,ok
cpsc_chapman,inceptiontime,45,3,205,446,792,3.0749475160426747,3.437562736300545,0.6722974807454006,0.816440077639589,0.7388266058752601,0.06246730201976441,0.0009330506959345599,1.2962628798420832e-05,-0.06153425132382985,-0.062454339390965986,0.0009200880671361391,0.0388138231917723,0.0023573999261365915,0.0066910331527115135,-0.0364564232656357,-0.03212279003906078,-0.004333633226574922,ok
cpsc_chapman,inceptiontime,45,4,206,419,951,2.333561764580961,3.437562736300545,0.816440077639589,inf,0.9653544086064704,0.03901295064290716,0.004259012907617592,0.00035807919932216497,-0.03475393773528957,-0.038654871443584995,0.0039009337082954267,0.03309353903275271,0.0010385958916798582,0.007789028460688511,-0.03205494314107285,-0.025304510572064197,-0.0067504325690086525,ok
cpsc_chapman,inceptiontime,46,0,206,401,798,2.267345249317334,2.195875555869877,-inf,0.5889100821528006,0.452371080681885,0.1768562753550302,0.02766034744600092,0.029160312865369502,-0.1491959279090293,-0.14769596248966071,-0.001499965419368584,0.024642801583673143,0.04244977942035032,0.03947030018000737,0.017806977836677174,0.014827498596334227,0.002979479240342947,ok
cpsc_chapman,inceptiontime,46,1,205,422,640,3.7385509344645995,2.195875555869877,0.5889100821528006,0.8106282790122488,0.6957573107703505,0.160498694440356,0.013021036641786736,0.035596357851350735,-0.14747765779856925,-0.12490233658900526,-0.022575321209564,0.12239820999961964,0.0011271196254528512,0.009781576994760994,-0.12127109037416679,-0.11261663300485865,-0.008654457369308144,ok
cpsc_chapman,inceptiontime,46,2,205,415,754,2.3296779914721735,2.195875555869877,0.8106282790122488,0.9769290189244836,0.9000298624059335,0.03842540809996396,3.300462175626077e-05,0.0002763989527336519,-0.0383924034782077,-0.03814900914723031,-0.00024339433097739113,0.05642323514526448,0.0014232916092023905,0.001629956686677148,-0.05499994353606209,-0.054793278458587336,-0.00020666507747475749,ok
cpsc_chapman,inceptiontime,46,3,205,435,745,1.2819663691146377,2.195875555869877,0.9769290189244836,1.1059083903374947,1.0402713644474135,0.007229609477447492,0.001477728972048312,0.002686952969020642,-0.00575188050539918,-0.00454265650842685,-0.0012092239969723302,0.01944551951488394,0.008375925646627171,1.8459109996614262e-05,-0.011069593868256768,-0.019427060404887325,0.008357466536630557,ok
cpsc_chapman,inceptiontime,46,4,206,384,1021,0.8125475499831041,2.195875555869877,1.1059083903374947,inf,1.213392532677805,0.0022485999803482683,0.0020395202822911756,0.01431213484158655,-0.00020907969805709263,0.012063534861238281,-0.012272614559295373,0.010927303586637245,0.022362494893028488,0.0007335941564443656,0.011435191306391243,-0.01019370943019288,0.021628900736584123,ok
