direction,source,target,arch,seed,shift,shift_type,raw_ece,raw_brier_rel,ts_brier_rel,ts_delta_ece,brier_rel_improvement,safety,safety_source
ptbxl->chapman,ptbxl,chapman,resnet1d,42,fs250,downsample,0.25897295988102054,0.07588678558089675,0.0631022845269499,-0.025923396641940877,0.01278450105394685,1,computed
ptbxl->chapman,ptbxl,chapman,resnet1d,42,fs125,downsample,0.350324447063143,0.1340171569045812,0.11738016263872417,-0.026146012461434887,0.01663699426585702,1,computed
ptbxl->chapman,ptbxl,chapman,resnet1d,42,leads6,leads,0.059796074875480394,0.008506363229556462,0.007697309566803241,-0.004968137764897386,0.0008090536627532209,1,computed
ptbxl->chapman,ptbxl,chapman,resnet1d,42,leads3,leads,0.2320880823611884,0.059056524907725644,0.05012145975954952,-0.026087930190401037,0.008935065148176123,1,computed
ptbxl->chapman,ptbxl,chapman,resnet1d,42,leads2,leads,0.430129059003499,0.2043450043320193,0.18451724859779498,-0.020547349766685208,0.019827755734224323,1,computed
ptbxl->chapman,ptbxl,chapman,resnet1d,42,leads1,leads,0.56067156242364,0.3313994064454998,0.30593237825772013,-0.022728889459958768,0.025467028187779683,1,computed
ptbxl->chapman,ptbxl,chapman,resnet1d,42,noise24,noise,0.10400488423329547,0.014121191893351714,0.009506771886050546,-0.02549716908528872,0.004614420007301168,1,computed
ptbxl->chapman,ptbxl,chapman,resnet1d,42,noise12,noise,0.10393003045504881,0.013001647753529497,0.008428795287440402,-0.024377498758928237,0.004572852466089095,1,computed
ptbxl->chapman,ptbxl,chapman,resnet1d,42,noise6,noise,0.10463088260100216,0.012971993124418425,0.007813942902579583,-0.022531646312491993,0.0051580502218388415,1,computed
ptbxl->chapman,ptbxl,chapman,resnet1d,42,noise0,noise,0.08530594622832341,0.007629642257940019,0.0038486989858248564,-0.023217286687111573,0.0037809432721151626,1,computed
ptbxl->chapman,ptbxl,chapman,resnet1d,42,noise-6,noise,0.2207592457037929,0.05621423084283346,0.045147556224321345,-0.022779032656142062,0.011066674618512115,1,computed
ptbxl->chapman,ptbxl,chapman,resnet1d,42,gain0.5,gain,0.10874972543540118,0.014957898224516037,0.01139187289016845,-0.027042008851065766,0.0035660253343475865,1,computed
ptbxl->chapman,ptbxl,chapman,resnet1d,42,gain2.0,gain,0.15969557202239118,0.028421268463697094,0.021205102631437097,-0.023135962733248666,0.007216165832259997,1,computed
ptbxl->chapman,ptbxl,chapman,resnet1d,43,fs250,downsample,0.3033348416119665,0.10750690810460106,0.08145028562376079,-0.04439498852030471,0.026056622480840272,1,computed
ptbxl->chapman,ptbxl,chapman,resnet1d,43,fs125,downsample,0.34708282377553573,0.1615155743052419,0.13290230946175047,-0.044499171477109245,0.028613264843491443,1,computed
ptbxl->chapman,ptbxl,chapman,resnet1d,43,leads6,leads,0.16659740725456534,0.0507702405549211,0.045359987700624896,-0.03877612149967494,0.0054102528542962075,1,computed
ptbxl->chapman,ptbxl,chapman,resnet1d,43,leads3,leads,0.1998029451214395,0.09132262860277188,0.07974622198464093,-0.04276246198635553,0.011576406618130947,1,computed
ptbxl->chapman,ptbxl,chapman,resnet1d,43,leads2,leads,0.4065801448173327,0.25125206693107327,0.22342052468763798,-0.03679752239675815,0.027831542243435287,1,computed
ptbxl->chapman,ptbxl,chapman,resnet1d,43,leads1,leads,0.9029945599213934,0.8180445472707996,0.7545453535567845,-0.03665254654898453,0.06349919371401502,1,computed
ptbxl->chapman,ptbxl,chapman,resnet1d,43,noise24,noise,0.12838094434799427,0.02237088074570539,0.015328750701412869,-0.03924894543258747,0.00704213004429252,1,computed
ptbxl->chapman,ptbxl,chapman,resnet1d,43,noise12,noise,0.12578031379095114,0.02074301174085355,0.013654562017400246,-0.04308434558582169,0.007088449723453304,1,computed
ptbxl->chapman,ptbxl,chapman,resnet1d,43,noise6,noise,0.11379732389587961,0.017563159834938946,0.012168038786126892,-0.03666817926253893,0.005395121048812054,1,computed
ptbxl->chapman,ptbxl,chapman,resnet1d,43,noise0,noise,0.10137468727268792,0.014654577751950882,0.010935444053731742,-0.03892497864742246,0.00371913369821914,1,computed
ptbxl->chapman,ptbxl,chapman,resnet1d,43,noise-6,noise,0.1304035003368795,0.02204470671722489,0.01058499630015817,-0.04151586545605736,0.011459710417066721,1,computed
ptbxl->chapman,ptbxl,chapman,resnet1d,43,gain0.5,gain,0.16678535251684884,0.034965593235360096,0.027591473890263583,-0.045589913540496005,0.007374119345096512,1,computed
ptbxl->chapman,ptbxl,chapman,resnet1d,43,gain2.0,gain,0.17707098140669178,0.03546521455878173,0.021387222677014463,-0.040347684267446476,0.014077991881767268,1,computed
ptbxl->chapman,ptbxl,chapman,resnet1d,44,fs250,downsample,0.406197880911728,0.22214502235697897,0.20543868208072608,-0.024334401645849213,0.016706340276252896,1,computed
ptbxl->chapman,ptbxl,chapman,resnet1d,44,fs125,downsample,0.5596131958611645,0.41931504339540177,0.3959015147537739,-0.023693412119365487,0.02341352864162788,1,computed
ptbxl->chapman,ptbxl,chapman,resnet1d,44,leads6,leads,0.1550106263773333,0.05478118587099973,0.05698765145582059,-0.021395186083372847,-0.002206465584820863,0,computed
ptbxl->chapman,ptbxl,chapman,resnet1d,44,leads3,leads,0.20129500562233663,0.06416982252678564,0.05656570588596726,-0.023110738330190034,0.0076041166408183855,1,computed
ptbxl->chapman,ptbxl,chapman,resnet1d,44,leads2,leads,0.18477128403076215,0.08229329658678304,0.06969694677755305,-0.020742886294582846,0.012596349809229995,1,computed
ptbxl->chapman,ptbxl,chapman,resnet1d,44,leads1,leads,0.5132341112298829,0.30799949850276,0.28001075469985726,-0.021500336594367953,0.027988743802902727,1,computed
ptbxl->chapman,ptbxl,chapman,resnet1d,44,noise24,noise,0.13580781990852797,0.026268945456277667,0.02321517922152661,-0.02529338324058919,0.0030537662347510583,1,computed
ptbxl->chapman,ptbxl,chapman,resnet1d,44,noise12,noise,0.14133601122338596,0.02818536503767247,0.025962963443297973,-0.026519642623145753,0.0022224015943744964,1,computed
ptbxl->chapman,ptbxl,chapman,resnet1d,44,noise6,noise,0.1458501277736109,0.03381398390174541,0.03150200567595444,-0.024393709940458974,0.0023119782257909754,1,computed
ptbxl->chapman,ptbxl,chapman,resnet1d,44,noise0,noise,0.2097770279868702,0.07223258799318283,0.06683878073477563,-0.025377328882060235,0.005393807258407199,1,computed
ptbxl->chapman,ptbxl,chapman,resnet1d,44,noise-6,noise,0.5212832621362472,0.3227056632255523,0.2998896796763171,-0.020729472631628276,0.022815983549235197,1,computed
ptbxl->chapman,ptbxl,chapman,resnet1d,44,gain0.5,gain,0.0629426154466343,0.0070274420428051865,0.005779076274383569,-0.024226721126243057,0.0012483657684216175,1,computed
ptbxl->chapman,ptbxl,chapman,resnet1d,44,gain2.0,gain,0.234236460518501,0.07569541015626889,0.06867693902345001,-0.023506789662522704,0.007018471132818879,1,computed
ptbxl->chapman,ptbxl,chapman,resnet1d,45,fs250,downsample,0.2957349994089922,0.10038261673623278,0.08663227162800485,-0.026423213977629922,0.013750345108227924,1,computed
ptbxl->chapman,ptbxl,chapman,resnet1d,45,fs125,downsample,0.47146954981500716,0.24102856555176816,0.2228733597409095,-0.022762196300283366,0.018155205810858666,1,computed
ptbxl->chapman,ptbxl,chapman,resnet1d,45,leads6,leads,0.15555404210688564,0.043637425708589375,0.041878479575765085,-0.02425913590788939,0.0017589461328242906,1,computed
ptbxl->chapman,ptbxl,chapman,resnet1d,45,leads3,leads,0.4394025786910502,0.2542799234307713,0.2323417464071122,-0.02259907372967651,0.021938177023659133,1,computed
ptbxl->chapman,ptbxl,chapman,resnet1d,45,leads2,leads,0.8010004892795897,0.644864259885634,0.6020560410735482,-0.027231552451611796,0.04280821881208585,1,computed
ptbxl->chapman,ptbxl,chapman,resnet1d,45,leads1,leads,0.8027090142416101,0.6456331821599852,0.5945034239760867,-0.03273970415944083,0.05112975818389853,1,computed
ptbxl->chapman,ptbxl,chapman,resnet1d,45,noise24,noise,0.14500824396635312,0.031510844850508354,0.02810189748145873,-0.026538246596813794,0.003408947369049623,1,computed
ptbxl->chapman,ptbxl,chapman,resnet1d,45,noise12,noise,0.14495985189990662,0.03199310220485181,0.02828211230749519,-0.026908083884682646,0.003710989897356621,1,computed
ptbxl->chapman,ptbxl,chapman,resnet1d,45,noise6,noise,0.14960162401520433,0.032374949285750174,0.028442966156069296,-0.027081444749366107,0.003931983129680877,1,computed
ptbxl->chapman,ptbxl,chapman,resnet1d,45,noise0,noise,0.14645193176034557,0.04104521100534431,0.03748036847608686,-0.025136787847700667,0.003564842529257456,1,computed
ptbxl->chapman,ptbxl,chapman,resnet1d,45,noise-6,noise,0.4856077331412822,0.27395537906434325,0.2485842500603283,-0.022371611986119144,0.025371129004014947,1,computed
ptbxl->chapman,ptbxl,chapman,resnet1d,45,gain0.5,gain,0.264105940173332,0.09771366569564932,0.08850449191501038,-0.027755453361037546,0.009209173780638943,1,computed
ptbxl->chapman,ptbxl,chapman,resnet1d,45,gain2.0,gain,0.21584684732498108,0.07052200198040508,0.06387853287814467,-0.027387773632064544,0.0066434691022604075,1,computed
ptbxl->chapman,ptbxl,chapman,resnet1d,46,fs250,downsample,0.27027990228119186,0.0885226480181186,0.07269568617097759,-0.03932475233141114,0.01582696184714101,1,computed
ptbxl->chapman,ptbxl,chapman,resnet1d,46,fs125,downsample,0.4810798759270086,0.3050941880564327,0.2678269776946737,-0.03843154098914042,0.03726721036175901,1,computed
ptbxl->chapman,ptbxl,chapman,resnet1d,46,leads6,leads,0.10169626938933649,0.027677987930560442,0.024480029956018223,-0.009683998447370154,0.003197957974542219,1,computed
ptbxl->chapman,ptbxl,chapman,resnet1d,46,leads3,leads,0.29124263964811165,0.164236703365856,0.15042420944425716,-0.042329769108692766,0.013812493921598834,1,computed
ptbxl->chapman,ptbxl,chapman,resnet1d,46,leads2,leads,0.6428532146614124,0.4936194084478824,0.4604076858794935,-0.02803899983874758,0.03321172256838889,1,computed
ptbxl->chapman,ptbxl,chapman,resnet1d,46,leads1,leads,0.986831700058911,0.9742359418156195,0.9561242414139746,-0.009174168117180304,0.018111700401644892,1,computed
ptbxl->chapman,ptbxl,chapman,resnet1d,46,noise24,noise,0.12988411570555516,0.024758027123179954,0.019001833857333634,-0.02785617506764436,0.00575619326584632,1,computed
ptbxl->chapman,ptbxl,chapman,resnet1d,46,noise12,noise,0.133206088769714,0.027246316886228625,0.021027602507347982,-0.026464767949225962,0.006218714378880642,1,computed
ptbxl->chapman,ptbxl,chapman,resnet1d,46,noise6,noise,0.13329400267405558,0.02539468765954602,0.0204190348348036,-0.03266875142829197,0.004975652824742421,1,computed
ptbxl->chapman,ptbxl,chapman,resnet1d,46,noise0,noise,0.12418845420410264,0.023896693257919068,0.020068606733455403,-0.03423680163857233,0.003828086524463665,1,computed
ptbxl->chapman,ptbxl,chapman,resnet1d,46,noise-6,noise,0.4203666290450135,0.21406595406918044,0.18952717115885667,-0.029586859525596032,0.02453878291032377,1,computed
ptbxl->chapman,ptbxl,chapman,resnet1d,46,gain0.5,gain,0.11580002815587127,0.040450981934153446,0.043619144181822854,0.0017921833105300766,-0.003168162247669408,0,computed
ptbxl->chapman,ptbxl,chapman,resnet1d,46,gain2.0,gain,0.15108955003101465,0.02533611525857672,0.015176629297064434,-0.0346534735324603,0.010159485961512284,1,computed
ptbxl->chapman,ptbxl,chapman,inceptiontime,42,fs250,downsample,0.13969263121057734,0.024889172850392778,0.020085935952943654,-0.0341809003321286,0.004803236897449124,1,computed
ptbxl->chapman,ptbxl,chapman,inceptiontime,42,fs125,downsample,0.332219374879607,0.1374917067546937,0.1222788791157203,-0.025574296827048204,0.015212827638973386,1,computed
ptbxl->chapman,ptbxl,chapman,inceptiontime,42,leads6,leads,0.11872326248792185,0.023405855278310482,0.02413999181020251,-0.0319059724581363,-0.0007341365318920268,0,computed
ptbxl->chapman,ptbxl,chapman,inceptiontime,42,leads3,leads,0.5191700898963129,0.3252098704207449,0.2999490876310198,-0.023091661570823485,0.0252607827897251,1,computed
ptbxl->chapman,ptbxl,chapman,inceptiontime,42,leads2,leads,0.8789268345487379,0.798802119775515,0.7568112550535406,-0.02319850749319441,0.04199086472197433,1,computed
ptbxl->chapman,ptbxl,chapman,inceptiontime,42,leads1,leads,0.9077893354857757,0.8300102667212315,0.7807951131422203,-0.027177130479221323,0.049215153579011184,1,computed
ptbxl->chapman,ptbxl,chapman,inceptiontime,42,noise24,noise,0.12242808999967865,0.019741015041577277,0.015868622663625015,-0.03082542662496769,0.003872392377952262,1,computed
ptbxl->chapman,ptbxl,chapman,inceptiontime,42,noise12,noise,0.11584664198209987,0.018592890993603988,0.016157442110174544,-0.03125630427124676,0.002435448883429444,1,computed
ptbxl->chapman,ptbxl,chapman,inceptiontime,42,noise6,noise,0.09670399627906986,0.016504353035453778,0.01675916393430149,-0.026886245044107637,-0.0002548108988477127,0,computed
ptbxl->chapman,ptbxl,chapman,inceptiontime,42,noise0,noise,0.08305669276456734,0.019456546791694826,0.01540174088294842,-0.011135203066607327,0.004054805908746406,1,computed
ptbxl->chapman,ptbxl,chapman,inceptiontime,42,noise-6,noise,0.22835821724926736,0.072312850409438,0.06044289022147878,-0.022327658950218515,0.011869960187959216,1,computed
ptbxl->chapman,ptbxl,chapman,inceptiontime,42,gain0.5,gain,0.22097755531629149,0.05487007452248718,0.04115872297949624,-0.031165171033683714,0.01371135154299094,1,computed
ptbxl->chapman,ptbxl,chapman,inceptiontime,42,gain2.0,gain,0.18702657248189294,0.04845639762950574,0.03644044536155769,-0.03160117016868108,0.012015952267948049,1,computed
ptbxl->chapman,ptbxl,chapman,inceptiontime,43,fs250,downsample,0.2149971757240657,0.08979984708707787,0.08704238868138936,-0.025297882145084688,0.002757458405688515,1,computed
ptbxl->chapman,ptbxl,chapman,inceptiontime,43,fs125,downsample,0.45561627734659493,0.2707732478380249,0.25577963260234093,-0.019734175825399713,0.014993615235683988,1,computed
ptbxl->chapman,ptbxl,chapman,inceptiontime,43,leads6,leads,0.16364487306693276,0.07303158467260565,0.06560132188962133,-0.02098384709203177,0.007430262782984323,1,computed
ptbxl->chapman,ptbxl,chapman,inceptiontime,43,leads3,leads,0.391231158025565,0.227314128749809,0.2083351569243055,-0.02223827850040655,0.01897897182550351,1,computed
ptbxl->chapman,ptbxl,chapman,inceptiontime,43,leads2,leads,0.6493557277860705,0.4549496688010533,0.4277462057655803,-0.018828943777266405,0.027203463035472997,1,computed
ptbxl->chapman,ptbxl,chapman,inceptiontime,43,leads1,leads,0.8986894225734302,0.808341096326731,0.7669931365023944,-0.0233011078630736,0.04134795982433659,1,computed
ptbxl->chapman,ptbxl,chapman,inceptiontime,43,noise24,noise,0.15422490639867983,0.04110911283979758,0.047075463024724984,-0.025311003380885433,-0.005966350184927402,0,computed
ptbxl->chapman,ptbxl,chapman,inceptiontime,43,noise12,noise,0.14791894311068904,0.04229963437057042,0.05231467832447541,-0.025840494676788756,-0.010015043953904991,0,computed
ptbxl->chapman,ptbxl,chapman,inceptiontime,43,noise6,noise,0.13279341154082902,0.04823785548061938,0.05254317793396595,-0.022508410288296768,-0.004305322453346569,0,computed
ptbxl->chapman,ptbxl,chapman,inceptiontime,43,noise0,noise,0.08650038057934763,0.02677572139874344,0.021011939257988024,-0.014732565367033726,0.005763782140755416,1,computed
ptbxl->chapman,ptbxl,chapman,inceptiontime,43,noise-6,noise,0.10804971838464958,0.011213607847794127,0.006638743159238746,-0.02291373262767686,0.004574864688555381,1,computed
ptbxl->chapman,ptbxl,chapman,inceptiontime,43,gain0.5,gain,0.2512357555994528,0.09503501958811407,0.08398401332752042,-0.025186396540230055,0.011051006260593646,1,computed
ptbxl->chapman,ptbxl,chapman,inceptiontime,43,gain2.0,gain,0.212441316656095,0.07520206539515281,0.0661166860677994,-0.028438936212861587,0.009085379327353413,1,computed
ptbxl->chapman,ptbxl,chapman,inceptiontime,44,fs250,downsample,0.23861872626754196,0.09843469456510423,0.09110175936898321,-0.018432457751646286,0.007332935196121021,1,computed
ptbxl->chapman,ptbxl,chapman,inceptiontime,44,fs125,downsample,0.4936783413483883,0.31722787985411705,0.3016688766585724,-0.014601700680827556,0.015559003195544652,1,computed
ptbxl->chapman,ptbxl,chapman,inceptiontime,44,leads6,leads,0.1227137626020169,0.02988740884375544,0.026788454356665117,-0.018282740561062646,0.003098954487090324,1,computed
ptbxl->chapman,ptbxl,chapman,inceptiontime,44,leads3,leads,0.14652664959025868,0.039901239343978746,0.035261274089761,-0.015185817155895148,0.004639965254217747,1,computed
ptbxl->chapman,ptbxl,chapman,inceptiontime,44,leads2,leads,0.04260419498538691,0.0039428329436823045,0.002928872430036341,-0.0169332413915116,0.0010139605136459634,1,computed
ptbxl->chapman,ptbxl,chapman,inceptiontime,44,leads1,leads,0.03157206385718625,0.0062276782175284305,0.005021652615080841,-0.01672615940013618,0.0012060256024475895,1,computed
ptbxl->chapman,ptbxl,chapman,inceptiontime,44,noise24,noise,0.17435003710232028,0.039260527226523595,0.03413338382831182,-0.020164939484443895,0.005127143398211777,1,computed
ptbxl->chapman,ptbxl,chapman,inceptiontime,44,noise12,noise,0.16076622829749862,0.034618342291743216,0.03026889854023919,-0.020189499910851783,0.004349443751504027,1,computed
ptbxl->chapman,ptbxl,chapman,inceptiontime,44,noise6,noise,0.13190268046291978,0.02508586455254977,0.02317355996101096,-0.020372374248043196,0.0019123045915388076,1,computed
ptbxl->chapman,ptbxl,chapman,inceptiontime,44,noise0,noise,0.09572076603275162,0.01623166626181339,0.011979937989557734,-0.016762678102690415,0.004251728272255655,1,computed
ptbxl->chapman,ptbxl,chapman,inceptiontime,44,noise-6,noise,0.39328650893557465,0.1639408068719028,0.15396936148317647,-0.01131833035458768,0.009971445388726324,1,computed
ptbxl->chapman,ptbxl,chapman,inceptiontime,44,gain0.5,gain,0.10191667916947968,0.01602293794327484,0.012624519072422222,-0.016707467993546665,0.0033984188708526195,1,computed
ptbxl->chapman,ptbxl,chapman,inceptiontime,44,gain2.0,gain,0.33594505850179385,0.13543324849114974,0.12381747078515679,-0.018480249032924,0.011615777705992952,1,computed
ptbxl->chapman,ptbxl,chapman,inceptiontime,45,fs250,downsample,0.16418007796933945,0.05168079178999821,0.04549483678053605,-0.0189435277011121,0.00618595500946216,1,computed
ptbxl->chapman,ptbxl,chapman,inceptiontime,45,fs125,downsample,0.4635429331562024,0.27974563267350094,0.26134240240393464,-0.02022683603418668,0.018403230269566306,1,computed
ptbxl->chapman,ptbxl,chapman,inceptiontime,45,leads6,leads,0.08937386998466604,0.019417312960845767,0.01775153396623292,-0.018817708646848688,0.0016657789946128466,1,computed
ptbxl->chapman,ptbxl,chapman,inceptiontime,45,leads3,leads,0.1685150570816624,0.03206449694929549,0.02389907200596688,-0.023629872254857687,0.008165424943328607,1,computed
ptbxl->chapman,ptbxl,chapman,inceptiontime,45,leads2,leads,0.23886797719321323,0.06818517017409764,0.05707531980231246,-0.02432191713177484,0.011109850371785183,1,computed
ptbxl->chapman,ptbxl,chapman,inceptiontime,45,leads1,leads,0.48191805642184143,0.24647939346923609,0.2304381188939642,-0.015345397998214716,0.01604127457527188,1,computed
ptbxl->chapman,ptbxl,chapman,inceptiontime,45,noise24,noise,0.1248692788567689,0.02421269992882364,0.020482744790497245,-0.022829726513839174,0.0037299551383263956,1,computed
ptbxl->chapman,ptbxl,chapman,inceptiontime,45,noise12,noise,0.1083587680319346,0.01860580888842004,0.015245169826745543,-0.022681811899089868,0.0033606390616744974,1,computed
ptbxl->chapman,ptbxl,chapman,inceptiontime,45,noise6,noise,0.07523194483746515,0.00853703321779388,0.008129180418439387,-0.022222580959152534,0.00040785279935449253,1,computed
ptbxl->chapman,ptbxl,chapman,inceptiontime,45,noise0,noise,0.02619594583927752,0.0013680733355596819,0.0037342659279673736,-0.0033704947009267176,-0.002366192592407692,0,computed
ptbxl->chapman,ptbxl,chapman,inceptiontime,45,noise-6,noise,0.5527644216911339,0.32046763274403384,0.29582232617746435,-0.021574435912241063,0.02464530656656949,1,computed
ptbxl->chapman,ptbxl,chapman,inceptiontime,45,gain0.5,gain,0.17578079735718702,0.037873979351960234,0.03083371759159122,-0.022786143089221528,0.007040261760369013,1,computed
ptbxl->chapman,ptbxl,chapman,inceptiontime,45,gain2.0,gain,0.15784671972814454,0.02922470599558393,0.0216235627555418,-0.02220695292621286,0.00760114324004213,1,computed
ptbxl->chapman,ptbxl,chapman,inceptiontime,46,fs250,downsample,0.2222245352649444,0.14002272266924215,0.14149056287320105,0.0023226738520461254,-0.0014678402039589034,0,computed
ptbxl->chapman,ptbxl,chapman,inceptiontime,46,fs125,downsample,0.6002154402436173,0.4498381329503365,0.45304528657502374,0.0021256858928905276,-0.0032071536246872645,0,computed
ptbxl->chapman,ptbxl,chapman,inceptiontime,46,leads6,leads,0.1720790726032645,0.08614743870378186,0.08701819936273722,0.002078526302903949,-0.0008707606589553607,0,computed
ptbxl->chapman,ptbxl,chapman,inceptiontime,46,leads3,leads,0.5553957102028763,0.35454022668454405,0.3574545753913552,0.0021350135291950956,-0.002914348706811176,0,computed
ptbxl->chapman,ptbxl,chapman,inceptiontime,46,leads2,leads,0.7157219986107203,0.5166902915654427,0.5204269756461494,0.002560230583717682,-0.003736684080706709,0,computed
ptbxl->chapman,ptbxl,chapman,inceptiontime,46,leads1,leads,0.827164934725341,0.6841291062639127,0.6888107032841265,0.002826360310061893,-0.004681597020213868,0,computed
ptbxl->chapman,ptbxl,chapman,inceptiontime,46,noise24,noise,0.16048055989715768,0.07115071674122826,0.07234564370494759,0.0026169456456137663,-0.0011949269637193255,0,computed
ptbxl->chapman,ptbxl,chapman,inceptiontime,46,noise12,noise,0.15150137343863684,0.06553235814318585,0.0662845317938931,0.002814122983323508,-0.0007521736507072468,0,computed
ptbxl->chapman,ptbxl,chapman,inceptiontime,46,noise6,noise,0.14548099134539955,0.051331640702440284,0.05291738260981159,0.00303648173384638,-0.0015857419073713047,0,computed
ptbxl->chapman,ptbxl,chapman,inceptiontime,46,noise0,noise,0.2785679797906172,0.0846490600293909,0.08661898217260161,0.00321086689611888,-0.001969922143210706,0,computed
ptbxl->chapman,ptbxl,chapman,inceptiontime,46,noise-6,noise,0.380260898354406,0.1449978027431467,0.1472292375528635,0.0026030618808003947,-0.002231434809716798,0,computed
ptbxl->chapman,ptbxl,chapman,inceptiontime,46,gain0.5,gain,0.3646587373791946,0.2198996447063501,0.22203521063516163,0.0021208850064579066,-0.0021355659288115336,0,computed
ptbxl->chapman,ptbxl,chapman,inceptiontime,46,gain2.0,gain,0.27511556534938636,0.07986019962678838,0.08152591642886865,0.002878397656428111,-0.0016657168020802748,0,computed
ptbxl->cpsc,ptbxl,cpsc,resnet1d,42,fs250,downsample,0.376980781682809,0.19058825070581625,0.04327306732105371,-0.2435222919083861,0.14731518338476254,1,computed
ptbxl->cpsc,ptbxl,cpsc,resnet1d,42,fs125,downsample,0.5601975621966173,0.3283273556390727,0.08650301238515629,-0.2717823741920523,0.24182434325391644,1,computed
ptbxl->cpsc,ptbxl,cpsc,resnet1d,42,leads6,leads,0.37076036278036306,0.1688021638231451,0.026758205574539333,-0.22700430321191428,0.14204395824860577,1,computed
ptbxl->cpsc,ptbxl,cpsc,resnet1d,42,leads3,leads,0.18841182208283788,0.060310158221135876,0.007785084653115789,-0.1374857449825364,0.05252507356802009,1,computed
ptbxl->cpsc,ptbxl,cpsc,resnet1d,42,leads2,leads,0.1333562564864838,0.036983860504565896,0.006633146337644882,-0.09990367351363569,0.030350714166921013,1,computed
ptbxl->cpsc,ptbxl,cpsc,resnet1d,42,leads1,leads,0.03020070252962213,0.008262460124320452,0.01646474038532511,0.08590679483845885,-0.008202280261004658,0,computed
ptbxl->cpsc,ptbxl,cpsc,resnet1d,42,noise24,noise,0.37706042094373504,0.17468659791951377,0.030184736914598286,-0.2340722139335956,0.1445018610049155,1,computed
ptbxl->cpsc,ptbxl,cpsc,resnet1d,42,noise12,noise,0.35939086341878085,0.1631376571353097,0.026290653671226967,-0.2291505191023069,0.13684700346408274,1,computed
ptbxl->cpsc,ptbxl,cpsc,resnet1d,42,noise6,noise,0.3286972187200431,0.13577882118316523,0.015537132136945507,-0.22364474390450495,0.12024168904621972,1,computed
ptbxl->cpsc,ptbxl,cpsc,resnet1d,42,noise0,noise,0.22115698077817936,0.07586045326995809,0.008386612546388762,-0.16451036200636263,0.06747384072356932,1,computed
ptbxl->cpsc,ptbxl,cpsc,resnet1d,42,noise-6,noise,0.42696900165358065,0.21194544687792868,0.040656755414103296,-0.24670492794665339,0.1712886914638254,1,computed
ptbxl->cpsc,ptbxl,cpsc,resnet1d,42,gain0.5,gain,0.25406364671517145,0.08639738838149258,0.00970513610109344,-0.19688745690576803,0.07669225228039914,1,computed
ptbxl->cpsc,ptbxl,cpsc,resnet1d,42,gain2.0,gain,0.3265257464796505,0.16002425449740243,0.03657483686164822,-0.20643924167922179,0.1234494176357542,1,computed
ptbxl->cpsc,ptbxl,cpsc,resnet1d,43,fs250,downsample,0.2587812718991077,0.13631702191561065,0.06508978762377107,-0.13549950956827062,0.07122723429183958,1,computed
ptbxl->cpsc,ptbxl,cpsc,resnet1d,43,fs125,downsample,0.2928940394022669,0.1517736928951898,0.056408108806539285,-0.1416358277212231,0.0953655840886505,1,computed
ptbxl->cpsc,ptbxl,cpsc,resnet1d,43,leads6,leads,0.3281107707671963,0.1360739369454814,0.027198990150189103,-0.24384382260073945,0.10887494679529229,1,computed
ptbxl->cpsc,ptbxl,cpsc,resnet1d,43,leads3,leads,0.13465009071786319,0.02812790862593307,0.017545348179059242,-0.04632950510444471,0.010582560446873827,1,computed
ptbxl->cpsc,ptbxl,cpsc,resnet1d,43,leads2,leads,0.12003046105643209,0.030852574052939254,0.0022880594184764387,-0.0749678991293943,0.028564514634462815,1,computed
ptbxl->cpsc,ptbxl,cpsc,resnet1d,43,leads1,leads,0.035759387112735054,0.0018754509944416422,0.021790164750180203,0.11031320862356811,-0.019914713755738563,0,computed
ptbxl->cpsc,ptbxl,cpsc,resnet1d,43,noise24,noise,0.3462396388041512,0.1619605850790647,0.03931758073385639,-0.24238638135743185,0.1226430043452083,1,computed
ptbxl->cpsc,ptbxl,cpsc,resnet1d,43,noise12,noise,0.33908471651123684,0.15684930134222821,0.036290591785483446,-0.23676880421676028,0.12055870955674478,1,computed
ptbxl->cpsc,ptbxl,cpsc,resnet1d,43,noise6,noise,0.32196897705901617,0.15095283837566373,0.02776165721038036,-0.2236428079790302,0.12319118116528337,1,computed
ptbxl->cpsc,ptbxl,cpsc,resnet1d,43,noise0,noise,0.3124504269960926,0.14945836091919415,0.03604089427769193,-0.19717069130637516,0.11341746664150222,1,computed
ptbxl->cpsc,ptbxl,cpsc,resnet1d,43,noise-6,noise,0.6208960362185222,0.39293091872686847,0.11491224846061833,-0.28528138637342854,0.27801867026625016,1,computed
ptbxl->cpsc,ptbxl,cpsc,resnet1d,43,gain0.5,gain,0.20688339014707735,0.05919837819544729,0.018390953681695865,-0.15625403297204207,0.040807424513751425,1,computed
ptbxl->cpsc,ptbxl,cpsc,resnet1d,43,gain2.0,gain,0.5020764646576331,0.3076510702138589,0.09769876328460544,-0.22282674344841585,0.20995230692925346,1,computed
ptbxl->cpsc,ptbxl,cpsc,resnet1d,44,fs250,downsample,0.35817298929388686,0.14029848559341546,0.012962934022286656,-0.3047403594303886,0.1273355515711288,1,computed
ptbxl->cpsc,ptbxl,cpsc,resnet1d,44,fs125,downsample,0.4191964215026268,0.20361589315559858,0.020116206499129485,-0.33546823205754683,0.1834996866564691,1,computed
ptbxl->cpsc,ptbxl,cpsc,resnet1d,44,leads6,leads,0.41000171887543924,0.2189508479399729,0.031863722901917114,-0.32362086784742905,0.1870871250380558,1,computed
ptbxl->cpsc,ptbxl,cpsc,resnet1d,44,leads3,leads,0.39338524258027147,0.17542372136779055,0.02411586128863194,-0.3352204372859437,0.1513078600791586,1,computed
ptbxl->cpsc,ptbxl,cpsc,resnet1d,44,leads2,leads,0.5041254677343724,0.29843258117050864,0.049211471620773745,-0.32831327451218706,0.2492211095497349,1,computed
ptbxl->cpsc,ptbxl,cpsc,resnet1d,44,leads1,leads,0.574015895772094,0.3773506376879812,0.07390653305067083,-0.3300126113482972,0.3034441046373104,1,computed
ptbxl->cpsc,ptbxl,cpsc,resnet1d,44,noise24,noise,0.44452410989081875,0.224086693487536,0.024975529201554714,-0.3681287988758594,0.19911116428598127,1,computed
ptbxl->cpsc,ptbxl,cpsc,resnet1d,44,noise12,noise,0.4287196753577511,0.20657647279011762,0.020969264010121,-0.362987404005391,0.18560720877999662,1,computed
ptbxl->cpsc,ptbxl,cpsc,resnet1d,44,noise6,noise,0.37636986302726,0.15878884541000454,0.01428175778482534,-0.32285191240882927,0.1445070876251792,1,computed
ptbxl->cpsc,ptbxl,cpsc,resnet1d,44,noise0,noise,0.2940539736625842,0.09385796747486319,0.008080562518180555,-0.22409504205039635,0.08577740495668264,1,computed
ptbxl->cpsc,ptbxl,cpsc,resnet1d,44,noise-6,noise,0.2933461675335013,0.09297175176745011,0.004760770697869734,-0.22384791698087653,0.08821098106958038,1,computed
ptbxl->cpsc,ptbxl,cpsc,resnet1d,44,gain0.5,gain,0.38651117708391863,0.16376954028508722,0.020973318656444043,-0.3312445554557373,0.1427962216286432,1,computed
ptbxl->cpsc,ptbxl,cpsc,resnet1d,44,gain2.0,gain,0.3095344819035794,0.11540201725256519,0.013798226430901128,-0.23824923065350623,0.10160379082166406,1,computed
ptbxl->cpsc,ptbxl,cpsc,resnet1d,45,fs250,downsample,0.3143297641029296,0.10592253392968537,0.0012127389746397056,-0.2727760582768393,0.10470979495504566,1,computed
ptbxl->cpsc,ptbxl,cpsc,resnet1d,45,fs125,downsample,0.35813940439672587,0.15147931732820794,0.007022716866989267,-0.3050535320811449,0.14445660046121866,1,computed
ptbxl->cpsc,ptbxl,cpsc,resnet1d,45,leads6,leads,0.2939460332434103,0.11971531163289781,0.017592908790119648,-0.23120550997508438,0.10212240284277815,1,computed
ptbxl->cpsc,ptbxl,cpsc,resnet1d,45,leads3,leads,0.2026693838789632,0.05084797676865141,0.014025619566318124,-0.10469537606960219,0.03682235720233329,1,computed
ptbxl->cpsc,ptbxl,cpsc,resnet1d,45,leads2,leads,0.3371934166415828,0.13764779478413178,0.01269863029496899,-0.2459802038600851,0.1249491644891628,1,computed
ptbxl->cpsc,ptbxl,cpsc,resnet1d,45,leads1,leads,0.4397820143743652,0.19588470715425377,0.029735693038468215,-0.26872939079995406,0.16614901411578556,1,computed
ptbxl->cpsc,ptbxl,cpsc,resnet1d,45,noise24,noise,0.32840489937147904,0.13538264968533129,0.01855702330523669,-0.26514415796567614,0.1168256263800946,1,computed
ptbxl->cpsc,ptbxl,cpsc,resnet1d,45,noise12,noise,0.32090613626302844,0.13261729007041836,0.0189420594104709,-0.2573513640633195,0.11367523065994746,1,computed
ptbxl->cpsc,ptbxl,cpsc,resnet1d,45,noise6,noise,0.30200331495208227,0.11629057385299385,0.015026512112140906,-0.24003508024630169,0.10126406174085295,1,computed
ptbxl->cpsc,ptbxl,cpsc,resnet1d,45,noise0,noise,0.23822383209525136,0.06861079427702549,0.009729018472610866,-0.16252990433891823,0.05888177580441462,1,computed
ptbxl->cpsc,ptbxl,cpsc,resnet1d,45,noise-6,noise,0.4162096138458124,0.1967214982526685,0.015520272989707215,-0.2938616707792932,0.18120122526296129,1,computed
ptbxl->cpsc,ptbxl,cpsc,resnet1d,45,gain0.5,gain,0.2445647061693068,0.07442355202977774,0.02225412744553473,-0.1520319034575473,0.05216942458424301,1,computed
ptbxl->cpsc,ptbxl,cpsc,resnet1d,45,gain2.0,gain,0.2670389334226832,0.08863974563619242,0.018027388052984785,-0.20104603927172054,0.07061235758320764,1,computed
ptbxl->cpsc,ptbxl,cpsc,resnet1d,46,fs250,downsample,0.2537246317374518,0.0704538979005796,0.01098343808218179,-0.22001888336835582,0.05947045981839781,1,computed
ptbxl->cpsc,ptbxl,cpsc,resnet1d,46,fs125,downsample,0.1765522203465272,0.03308066603469174,0.003346954716153323,-0.154318446630431,0.029733711318538414,1,computed
ptbxl->cpsc,ptbxl,cpsc,resnet1d,46,leads6,leads,0.30326286680448317,0.10070993801726802,0.01584487286384735,-0.20160232088560023,0.08486506515342067,1,computed
ptbxl->cpsc,ptbxl,cpsc,resnet1d,46,leads3,leads,0.14144311629161557,0.032408101858212565,0.004682650885121545,-0.09252332208579292,0.02772545097309102,1,computed
ptbxl->cpsc,ptbxl,cpsc,resnet1d,46,leads2,leads,0.37139216514538254,0.14771901575588936,0.04334086747905082,-0.17629532831194253,0.10437814827683854,1,computed
ptbxl->cpsc,ptbxl,cpsc,resnet1d,46,leads1,leads,0.5000050359492152,0.25005984734006587,0.09373677143205482,-0.1938501830523463,0.15632307590801103,1,computed
ptbxl->cpsc,ptbxl,cpsc,resnet1d,46,noise24,noise,0.3574690996328172,0.14024189292568118,0.025525719219094155,-0.2139390575435612,0.11471617370658702,1,computed
ptbxl->cpsc,ptbxl,cpsc,resnet1d,46,noise12,noise,0.35392728983145333,0.13647467788264103,0.023635470461772605,-0.21380577752778684,0.11283920742086842,1,computed
ptbxl->cpsc,ptbxl,cpsc,resnet1d,46,noise6,noise,0.3265333257360202,0.1196605138583976,0.01758610134077092,-0.20821625103180713,0.10207441251762668,1,computed
ptbxl->cpsc,ptbxl,cpsc,resnet1d,46,noise0,noise,0.21682112220331773,0.052135029531651424,0.0035887865208065043,-0.16719780045286625,0.04854624301084492,1,computed
ptbxl->cpsc,ptbxl,cpsc,resnet1d,46,noise-6,noise,0.1982686418405516,0.050034007300936316,0.0058887141736181595,-0.13493970063442093,0.04414529312731816,1,computed
ptbxl->cpsc,ptbxl,cpsc,resnet1d,46,gain0.5,gain,0.16369619896801568,0.03424405375284037,0.003575910604885396,-0.13408407156115312,0.030668143147954973,1,computed
ptbxl->cpsc,ptbxl,cpsc,resnet1d,46,gain2.0,gain,0.3257204470808115,0.12425899550000595,0.024083842138163045,-0.20957251087796894,0.1001751533618429,1,computed
ptbxl->cpsc,ptbxl,cpsc,inceptiontime,42,fs250,downsample,0.3294649624431025,0.16859706740329194,0.032571700577147804,-0.23915877059727197,0.13602536682614413,1,computed
ptbxl->cpsc,ptbxl,cpsc,inceptiontime,42,fs125,downsample,0.5791013005007881,0.35046389158000646,0.08728302967815935,-0.2902503038679092,0.2631808619018471,1,computed
ptbxl->cpsc,ptbxl,cpsc,inceptiontime,42,leads6,leads,0.31753063779677704,0.1452494342627903,0.01937276735534528,-0.2543474750019936,0.12587666690744503,1,computed
ptbxl->cpsc,ptbxl,cpsc,inceptiontime,42,leads3,leads,0.3417584491954486,0.12795203424609036,0.007116139462897976,-0.30552341262624616,0.12083589478319239,1,computed
ptbxl->cpsc,ptbxl,cpsc,inceptiontime,42,leads2,leads,0.23365659090726665,0.07005975886269729,0.015315047314370864,-0.17882301141419796,0.05474471154832643,1,computed
ptbxl->cpsc,ptbxl,cpsc,inceptiontime,42,leads1,leads,0.5212994439765395,0.27266113125883296,0.05674918898008794,-0.2847619421175185,0.21591194227874502,1,computed
ptbxl->cpsc,ptbxl,cpsc,inceptiontime,42,noise24,noise,0.3979987612836508,0.1918402735099664,0.019852016481999524,-0.3150592361359487,0.17198825702796688,1,computed
ptbxl->cpsc,ptbxl,cpsc,inceptiontime,42,noise12,noise,0.3769574268153829,0.17686248098142002,0.017249207440899,-0.30510369495273637,0.15961327354052102,1,computed
ptbxl->cpsc,ptbxl,cpsc,inceptiontime,42,noise6,noise,0.3349622140617077,0.14438826555074158,0.01166749973579292,-0.2776975546823977,0.13272076581494865,1,computed
ptbxl->cpsc,ptbxl,cpsc,inceptiontime,42,noise0,noise,0.31516023920040687,0.13386297245333167,0.009792226719129165,-0.256500565746535,0.12407074573420251,1,computed
ptbxl->cpsc,ptbxl,cpsc,inceptiontime,42,noise-6,noise,0.41196139779687563,0.20561111683440722,0.037565276152616914,-0.23765722530363853,0.1680458406817903,1,computed
ptbxl->cpsc,ptbxl,cpsc,inceptiontime,42,gain0.5,gain,0.3000832292117421,0.09649096937298139,0.012361924405897711,-0.26614509057288904,0.08412904496708368,1,computed
ptbxl->cpsc,ptbxl,cpsc,inceptiontime,42,gain2.0,gain,0.4090742296083477,0.22395351486007287,0.03416481441435935,-0.2723798846626526,0.18978870044571353,1,computed
ptbxl->cpsc,ptbxl,cpsc,inceptiontime,43,fs250,downsample,0.2332383471631531,0.10335755748867431,0.02010308580877488,-0.15671479894739399,0.08325447167989944,1,computed
ptbxl->cpsc,ptbxl,cpsc,inceptiontime,43,fs125,downsample,0.42783612541179755,0.20913510465702795,0.04865364736978667,-0.22755661580288516,0.16048145728724128,1,computed
ptbxl->cpsc,ptbxl,cpsc,inceptiontime,43,leads6,leads,0.3499703788551022,0.1579464036381979,0.01948334445773397,-0.2639601988113026,0.13846305918046392,1,computed
ptbxl->cpsc,ptbxl,cpsc,inceptiontime,43,leads3,leads,0.2755101351526869,0.08516024409902917,0.005057591001474616,-0.22905369032481293,0.08010265309755456,1,computed
ptbxl->cpsc,ptbxl,cpsc,inceptiontime,43,leads2,leads,0.3590014126821554,0.14221897189848257,0.04029007604375957,-0.17487625878397606,0.10192889585472299,1,computed
ptbxl->cpsc,ptbxl,cpsc,inceptiontime,43,leads1,leads,0.6280321783881835,0.423391821999276,0.1372985936373037,-0.2809713893818831,0.28609322836197226,1,computed
ptbxl->cpsc,ptbxl,cpsc,inceptiontime,43,noise24,noise,0.3830060792835569,0.17334481475984204,0.019590754320784366,-0.27986551350621003,0.15375406043905768,1,computed
ptbxl->cpsc,ptbxl,cpsc,inceptiontime,43,noise12,noise,0.36261627796607687,0.160619001587961,0.01738937704101897,-0.2718930204848067,0.14322962454694202,1,computed
ptbxl->cpsc,ptbxl,cpsc,inceptiontime,43,noise6,noise,0.33113296860191266,0.13905987664970954,0.012931471442728744,-0.2569504945572472,0.1261284052069808,1,computed
ptbxl->cpsc,ptbxl,cpsc,inceptiontime,43,noise0,noise,0.23979825263854,0.08426980369996317,0.0084764456458733,-0.18510437753987585,0.07579335805408988,1,computed
ptbxl->cpsc,ptbxl,cpsc,inceptiontime,43,noise-6,noise,0.3087983299060317,0.14252988347893308,0.026835802427821437,-0.18739667587352654,0.11569408105111165,1,computed
ptbxl->cpsc,ptbxl,cpsc,inceptiontime,43,gain0.5,gain,0.30879696602826723,0.10431812883596549,0.007525807420442707,-0.2637159732529196,0.09679232141552278,1,computed
ptbxl->cpsc,ptbxl,cpsc,inceptiontime,43,gain2.0,gain,0.313609065520596,0.1580279652594026,0.029359051882084614,-0.21558776077663774,0.12866891337731798,1,computed
ptbxl->cpsc,ptbxl,cpsc,inceptiontime,44,fs250,downsample,0.23112160497826847,0.059212552880133835,0.003146479217211811,-0.18576355003685133,0.056066073662922024,1,computed
ptbxl->cpsc,ptbxl,cpsc,inceptiontime,44,fs125,downsample,0.4791482552545483,0.2685273671993075,0.07111631601246723,-0.24685703072792198,0.19741105118684024,1,computed
ptbxl->cpsc,ptbxl,cpsc,inceptiontime,44,leads6,leads,0.2888789617660957,0.10791263331693449,0.009741492391620473,-0.24165631590140615,0.09817114092531401,1,computed
ptbxl->cpsc,ptbxl,cpsc,inceptiontime,44,leads3,leads,0.28396121013400216,0.08999502063272484,0.01989149505227067,-0.23221119490300082,0.07010352558045417,1,computed
ptbxl->cpsc,ptbxl,cpsc,inceptiontime,44,leads2,leads,0.29451842301477493,0.11618903252424827,0.014763031973828217,-0.20144476968465574,0.10142600055042005,1,computed
ptbxl->cpsc,ptbxl,cpsc,inceptiontime,44,leads1,leads,0.4640359675953213,0.23499742119362194,0.05435082413749015,-0.2469975605731278,0.18064659705613179,1,computed
ptbxl->cpsc,ptbxl,cpsc,inceptiontime,44,noise24,noise,0.37136699821317404,0.16234952556611204,0.015863680326241525,-0.30655386753693775,0.14648584523987052,1,computed
ptbxl->cpsc,ptbxl,cpsc,inceptiontime,44,noise12,noise,0.3505539472317392,0.14564998948083377,0.012675450499327385,-0.2948286302780947,0.13297453898150638,1,computed
ptbxl->cpsc,ptbxl,cpsc,inceptiontime,44,noise6,noise,0.30068503937008423,0.11656955175235365,0.010811306821489265,-0.24737852215136413,0.10575824493086439,1,computed
ptbxl->cpsc,ptbxl,cpsc,inceptiontime,44,noise0,noise,0.2419391886377658,0.09397499577721596,0.008793109295426295,-0.19517242372917165,0.08518188648178968,1,computed
ptbxl->cpsc,ptbxl,cpsc,inceptiontime,44,noise-6,noise,0.2923943170792913,0.10945832668688431,0.01735492356695998,-0.17517698730666353,0.09210340311992432,1,computed
ptbxl->cpsc,ptbxl,cpsc,inceptiontime,44,gain0.5,gain,0.28189785377749466,0.08554196486435953,0.02462481385257027,-0.23322927236236998,0.06091715101178925,1,computed
ptbxl->cpsc,ptbxl,cpsc,inceptiontime,44,gain2.0,gain,0.37057573703816926,0.18710126890722523,0.02742124735346157,-0.267799575555813,0.15968002155376365,1,computed
ptbxl->cpsc,ptbxl,cpsc,inceptiontime,45,fs250,downsample,0.28438895694171085,0.1718419332582794,0.05487767825347431,-0.1420356507804671,0.11696425500480509,1,computed
ptbxl->cpsc,ptbxl,cpsc,inceptiontime,45,fs125,downsample,0.5163476867893317,0.30905608129624007,0.07338611512520068,-0.28009065922160076,0.23566996617103939,1,computed
ptbxl->cpsc,ptbxl,cpsc,inceptiontime,45,leads6,leads,0.2722676599713325,0.1381537027915384,0.03939746416365698,-0.17540600769135417,0.09875623862788144,1,computed
ptbxl->cpsc,ptbxl,cpsc,inceptiontime,45,leads3,leads,0.2870591617402634,0.10294080875786488,0.01625164144204721,-0.2310664865238945,0.08668916731581766,1,computed
ptbxl->cpsc,ptbxl,cpsc,inceptiontime,45,leads2,leads,0.6151040492472077,0.38053780824465466,0.08718246198817153,-0.32206081353635524,0.29335534625648313,1,computed
ptbxl->cpsc,ptbxl,cpsc,inceptiontime,45,leads1,leads,0.4648870766462625,0.22267742012692476,0.04717021146718861,-0.26013474359035993,0.17550720865973615,1,computed
ptbxl->cpsc,ptbxl,cpsc,inceptiontime,45,noise24,noise,0.29974001766741154,0.13723763019158575,0.037735736515571924,-0.2092540213290816,0.09950189367601382,1,computed
ptbxl->cpsc,ptbxl,cpsc,inceptiontime,45,noise12,noise,0.2865118421921592,0.1263845790658714,0.037053770366868945,-0.19804858390997454,0.08933080869900245,1,computed
ptbxl->cpsc,ptbxl,cpsc,inceptiontime,45,noise6,noise,0.2557670011918187,0.10680448711306192,0.03349736659495546,-0.1655652962772352,0.07330712051810646,1,computed
ptbxl->cpsc,ptbxl,cpsc,inceptiontime,45,noise0,noise,0.18321051806066604,0.07496910511766723,0.02157275309006399,-0.08485987142041458,0.05339635202760324,1,computed
ptbxl->cpsc,ptbxl,cpsc,inceptiontime,45,noise-6,noise,0.26280976126316086,0.09842112914916042,0.01088096281912153,-0.18197585301134225,0.08754016633003889,1,computed
ptbxl->cpsc,ptbxl,cpsc,inceptiontime,45,gain0.5,gain,0.23938792859707617,0.07958796324612497,0.025329361190355986,-0.13719112385652096,0.054258602055768976,1,computed
ptbxl->cpsc,ptbxl,cpsc,inceptiontime,45,gain2.0,gain,0.34693789407956493,0.19497488026637316,0.03628630052384949,-0.24143136039857743,0.15868857974252368,1,computed
ptbxl->cpsc,ptbxl,cpsc,inceptiontime,46,fs250,downsample,0.2206796474542836,0.07284698237077694,0.016624230795433473,-0.17750233151350786,0.05622275157534347,1,computed
ptbxl->cpsc,ptbxl,cpsc,inceptiontime,46,fs125,downsample,0.31147295365637784,0.13910804434496626,0.04789343391394493,-0.1719296450605737,0.09121461043102133,1,computed
ptbxl->cpsc,ptbxl,cpsc,inceptiontime,46,leads6,leads,0.32517843014662096,0.12460521546406723,0.024159559662371613,-0.20615575782487644,0.10044565580169562,1,computed
ptbxl->cpsc,ptbxl,cpsc,inceptiontime,46,leads3,leads,0.3587311359647049,0.1442933251063674,0.03672646070810186,-0.2129375487880695,0.10756686439826553,1,computed
ptbxl->cpsc,ptbxl,cpsc,inceptiontime,46,leads2,leads,0.5882946202362939,0.33834318655039264,0.124287804174332,-0.23625447008898826,0.21405538237606064,1,computed
ptbxl->cpsc,ptbxl,cpsc,inceptiontime,46,leads1,leads,0.5675108630144805,0.32632760171238073,0.11692358303149178,-0.22512374774200217,0.20940401868088895,1,computed
ptbxl->cpsc,ptbxl,cpsc,inceptiontime,46,noise24,noise,0.3548270392441883,0.14731806947235204,0.030553836599701845,-0.20662557475874496,0.1167642328726502,1,computed
ptbxl->cpsc,ptbxl,cpsc,inceptiontime,46,noise12,noise,0.3429522675457481,0.13932351440877855,0.028531849972407944,-0.20305001709764434,0.1107916644363706,1,computed
ptbxl->cpsc,ptbxl,cpsc,inceptiontime,46,noise6,noise,0.3386741651986013,0.1414648134365906,0.02938947584118866,-0.19364587767747737,0.11207533759540193,1,computed
ptbxl->cpsc,ptbxl,cpsc,inceptiontime,46,noise0,noise,0.5179185605769395,0.29821886120366414,0.10582819695802193,-0.1993396932568396,0.19239066424564222,1,computed
ptbxl->cpsc,ptbxl,cpsc,inceptiontime,46,noise-6,noise,0.47884552673456443,0.25344254259785864,0.09230458478282057,-0.1865656473931543,0.1611379578150381,1,computed
ptbxl->cpsc,ptbxl,cpsc,inceptiontime,46,gain0.5,gain,0.27561588968986706,0.0911154876318909,0.021643504736324207,-0.19728841186574236,0.06947198289556669,1,computed
ptbxl->cpsc,ptbxl,cpsc,inceptiontime,46,gain2.0,gain,0.4218089153156265,0.2155184564253289,0.0680550187818088,-0.18470282980138464,0.1474634376435201,1,computed
chapman->ptbxl,chapman,ptbxl,resnet1d,42,fs250,downsample,0.6914199245710693,0.4983586570140635,0.4848362371218054,-0.0113898190098779,0.013522419892258108,1,computed
chapman->ptbxl,chapman,ptbxl,resnet1d,42,fs125,downsample,0.6695424584680831,0.46866281548608124,0.4462459387361034,-0.01867755594409748,0.022416876749977832,1,computed
chapman->ptbxl,chapman,ptbxl,resnet1d,42,leads6,leads,0.23612576429007603,0.08829744801160627,0.0770767247700385,-0.02937085340775583,0.011220723241567768,1,computed
chapman->ptbxl,chapman,ptbxl,resnet1d,42,leads3,leads,0.5359211851855705,0.29459037485739104,0.2672305331345683,-0.023268763895122446,0.027359841722822742,1,computed
chapman->ptbxl,chapman,ptbxl,resnet1d,42,leads2,leads,0.516346951879922,0.27429892976641096,0.24867591061384137,-0.022792824942898193,0.025623019152569593,1,computed
chapman->ptbxl,chapman,ptbxl,resnet1d,42,leads1,leads,0.6731639407915518,0.4514429445870032,0.40835682042675053,-0.032819113766071384,0.04308612416025265,1,computed
chapman->ptbxl,chapman,ptbxl,resnet1d,42,noise24,noise,0.23974654205579582,0.08214051753948709,0.07106310228234788,-0.031091295018348702,0.011077415257139206,1,computed
chapman->ptbxl,chapman,ptbxl,resnet1d,42,noise12,noise,0.23814420125978503,0.08341149903427345,0.07219912711402986,-0.03138062132554029,0.011212371920243588,1,computed
chapman->ptbxl,chapman,ptbxl,resnet1d,42,noise6,noise,0.23212648216199344,0.08802656875649609,0.07420039535853878,-0.031231379838537576,0.013826173397957303,1,computed
chapman->ptbxl,chapman,ptbxl,resnet1d,42,noise0,noise,0.23814825535126277,0.09697221185826123,0.0815141000322166,-0.02950998824785442,0.015458111826044632,1,computed
chapman->ptbxl,chapman,ptbxl,resnet1d,42,noise-6,noise,0.20414633459147002,0.057936209988947794,0.04759322563650974,-0.02159677695237655,0.010342984352438057,1,computed
chapman->ptbxl,chapman,ptbxl,resnet1d,42,gain0.5,gain,0.29652413487820994,0.12796859942826994,0.11668778779076827,-0.02091471605560874,0.011280811637501664,1,computed
chapman->ptbxl,chapman,ptbxl,resnet1d,42,gain2.0,gain,0.4988523104826702,0.26274872693144385,0.23009484954134019,-0.03229429759168173,0.03265387739010367,1,computed
chapman->ptbxl,chapman,ptbxl,resnet1d,43,fs250,downsample,0.5523975211028758,0.325365569673325,0.30321078611343494,-0.020821418242937928,0.022154783559890034,1,computed
chapman->ptbxl,chapman,ptbxl,resnet1d,43,fs125,downsample,0.5328124220511435,0.3022928199633393,0.27222322534077537,-0.025559914594424638,0.030069594622563922,1,computed
chapman->ptbxl,chapman,ptbxl,resnet1d,43,leads6,leads,0.24774806771924585,0.0860710434801199,0.0756055081892335,-0.027224515246806552,0.010465535290886396,1,computed
chapman->ptbxl,chapman,ptbxl,resnet1d,43,leads3,leads,0.5288405341605535,0.28289788959354034,0.2490104364669806,-0.03332556278708232,0.03388745312655975,1,computed
chapman->ptbxl,chapman,ptbxl,resnet1d,43,leads2,leads,0.6456416268057019,0.41698635224845326,0.37825560053041535,-0.03062784839931465,0.038730751718037915,1,computed
chapman->ptbxl,chapman,ptbxl,resnet1d,43,leads1,leads,0.6233612634954052,0.38721046906058143,0.3415175690335953,-0.03836410073156693,0.045692900026986116,1,computed
chapman->ptbxl,chapman,ptbxl,resnet1d,43,noise24,noise,0.2719308574368778,0.08008536673258018,0.06909722113065495,-0.02918093118976453,0.010988145601925237,1,computed
chapman->ptbxl,chapman,ptbxl,resnet1d,43,noise12,noise,0.26952390454239844,0.07865301327647803,0.06630199627929248,-0.02907782767964906,0.012351016997185549,1,computed
chapman->ptbxl,chapman,ptbxl,resnet1d,43,noise6,noise,0.2637422241804368,0.07502815011233832,0.06500663352086195,-0.029570069689971445,0.010021516591476376,1,computed
chapman->ptbxl,chapman,ptbxl,resnet1d,43,noise0,noise,0.23055489938723722,0.07098898240205995,0.05822711402089724,-0.028900268310596194,0.012761868381162708,1,computed
chapman->ptbxl,chapman,ptbxl,resnet1d,43,noise-6,noise,0.2856104984553348,0.11856864941987622,0.10149175040834989,-0.02616465693139136,0.017076899011526328,1,computed
chapman->ptbxl,chapman,ptbxl,resnet1d,43,gain0.5,gain,0.22057540776479714,0.07719739992927124,0.06714744225030073,-0.02350510093691449,0.010049957678970517,1,computed
chapman->ptbxl,chapman,ptbxl,resnet1d,43,gain2.0,gain,0.41261980449307956,0.19503034126916255,0.1734896578783175,-0.024791323250433428,0.021540683390845056,1,computed
chapman->ptbxl,chapman,ptbxl,resnet1d,44,fs250,downsample,0.5141569105266679,0.29280736346510655,0.28236373462945624,-0.013129763134497652,0.01044362883565031,1,computed
chapman->ptbxl,chapman,ptbxl,resnet1d,44,fs125,downsample,0.44884479781999964,0.23960846850143622,0.22613471200347618,-0.01728781078633923,0.013473756497960038,1,computed
chapman->ptbxl,chapman,ptbxl,resnet1d,44,leads6,leads,0.2460193254111313,0.08361232577369818,0.07887616485560525,-0.015366802617436642,0.004736160918092924,1,computed
chapman->ptbxl,chapman,ptbxl,resnet1d,44,leads3,leads,0.25244693493580633,0.10258700848748986,0.09166345519449995,-0.0158664497236867,0.010923553292989913,1,computed
chapman->ptbxl,chapman,ptbxl,resnet1d,44,leads2,leads,0.3739945454634915,0.16791709564806,0.1548172632430755,-0.016737747449486085,0.013099832404984524,1,computed
chapman->ptbxl,chapman,ptbxl,resnet1d,44,leads1,leads,0.18781680609178217,0.06545219898846692,0.05906719199753205,-0.008692545238181804,0.0063850069909348744,1,computed
chapman->ptbxl,chapman,ptbxl,resnet1d,44,noise24,noise,0.2551025679979573,0.07407024683350684,0.06722160752406581,-0.01732990172025861,0.006848639309441032,1,computed
chapman->ptbxl,chapman,ptbxl,resnet1d,44,noise12,noise,0.25123309182166653,0.07202797962803029,0.06434488279777581,-0.017550638039798255,0.007683096830254477,1,computed
chapman->ptbxl,chapman,ptbxl,resnet1d,44,noise6,noise,0.2412268824374372,0.06519523695158184,0.05900008217026122,-0.018375965140140532,0.006195154781320628,1,computed
chapman->ptbxl,chapman,ptbxl,resnet1d,44,noise0,noise,0.16680110292852868,0.0329896662272237,0.026519139171566425,-0.019414259554799,0.006470527055657274,1,computed
chapman->ptbxl,chapman,ptbxl,resnet1d,44,noise-6,noise,0.15602750320422673,0.02711273300677064,0.021113403855245932,-0.017649524376198045,0.005999329151524707,1,computed
chapman->ptbxl,chapman,ptbxl,resnet1d,44,gain0.5,gain,0.25156048076457765,0.10613363402026763,0.09811318775135958,-0.011762117595823296,0.008020446268908049,1,computed
chapman->ptbxl,chapman,ptbxl,resnet1d,44,gain2.0,gain,0.5421601951464551,0.3128628112585996,0.29891343275842475,-0.012728597697017952,0.013949378500174858,1,computed
chapman->ptbxl,chapman,ptbxl,resnet1d,45,fs250,downsample,0.6420303540895657,0.4333100227945781,0.4361702703162612,0.0022534664023127204,-0.0028602475216831236,0,computed
chapman->ptbxl,chapman,ptbxl,resnet1d,45,fs125,downsample,0.7559970680166931,0.5747554826817624,0.5767154806851799,0.0012203188148572908,-0.001959998003417507,0,computed
chapman->ptbxl,chapman,ptbxl,resnet1d,45,leads6,leads,0.33713293736237193,0.17543534194923407,0.17758080291265693,0.003002897141729244,-0.002145460963422857,0,computed
chapman->ptbxl,chapman,ptbxl,resnet1d,45,leads3,leads,0.44145165630204636,0.23732062515083222,0.23885242839483764,0.003055893531840548,-0.0015318032440054252,0,computed
chapman->ptbxl,chapman,ptbxl,resnet1d,45,leads2,leads,0.2832670430892925,0.09210069444396485,0.09458960055124528,0.004475608218126037,-0.0024889061072804336,0,computed
chapman->ptbxl,chapman,ptbxl,resnet1d,45,leads1,leads,0.3084879904812094,0.09787790557745771,0.10028394712654556,0.004075304592675244,-0.002406041549087856,0,computed
chapman->ptbxl,chapman,ptbxl,resnet1d,45,noise24,noise,0.24450837723438296,0.10849508592196708,0.11001296595251743,0.0035727273473183663,-0.0015178800305503531,0,computed
chapman->ptbxl,chapman,ptbxl,resnet1d,45,noise12,noise,0.24443705438714666,0.10535824549134581,0.10783507727400538,0.0035574671642144007,-0.002476831782659561,0,computed
chapman->ptbxl,chapman,ptbxl,resnet1d,45,noise6,noise,0.2560322075500363,0.11441214702924725,0.11664080724892398,0.003454169788304595,-0.0022286602196767286,0,computed
chapman->ptbxl,chapman,ptbxl,resnet1d,45,noise0,noise,0.4424064262626771,0.21538796950834987,0.2189230510164988,0.0034058024041670465,-0.003535081508148935,0,computed
chapman->ptbxl,chapman,ptbxl,resnet1d,45,noise-6,noise,0.6845936190965647,0.4668401884344915,0.4713475197869012,0.0033058787295431324,-0.004507331352409716,0,computed
chapman->ptbxl,chapman,ptbxl,resnet1d,45,gain0.5,gain,0.612617520506614,0.39069095078883354,0.3939653502938394,0.0026483935293392102,-0.003274399505005854,0,computed
chapman->ptbxl,chapman,ptbxl,resnet1d,45,gain2.0,gain,0.21798563164196713,0.07509526058020326,0.07773748766631425,0.003589687601015995,-0.0026422270861109903,0,computed
chapman->ptbxl,chapman,ptbxl,resnet1d,46,fs250,downsample,0.735686807846127,0.5407802123507662,0.5331359755163326,-0.00502241028437822,0.007644236834433604,1,computed
chapman->ptbxl,chapman,ptbxl,resnet1d,46,fs125,downsample,0.7415746494997693,0.5466895884234133,0.5351596837636793,-0.007607449453147841,0.011529904659734025,1,computed
chapman->ptbxl,chapman,ptbxl,resnet1d,46,leads6,leads,0.23091134144553693,0.08344318867913493,0.08042290580750353,-0.010524308564374113,0.003020282871631405,1,computed
chapman->ptbxl,chapman,ptbxl,resnet1d,46,leads3,leads,0.6992875216883796,0.48740626481163274,0.4686913631664227,-0.013392862607301104,0.018714901645210058,1,computed
chapman->ptbxl,chapman,ptbxl,resnet1d,46,leads2,leads,0.6810041802668668,0.4624478010116646,0.4428764843218077,-0.014761551505432235,0.0195713166898569,1,computed
chapman->ptbxl,chapman,ptbxl,resnet1d,46,leads1,leads,0.6420159203328086,0.4159773906019886,0.3950135135373497,-0.01627375011806398,0.02096387706463887,1,computed
chapman->ptbxl,chapman,ptbxl,resnet1d,46,noise24,noise,0.2382612588799059,0.07387510559004742,0.06851744862319165,-0.014866951272722334,0.005357656966855778,1,computed
chapman->ptbxl,chapman,ptbxl,resnet1d,46,noise12,noise,0.2367834821459818,0.0700990026427756,0.06741286855438133,-0.015286039097838156,0.002686134088394271,1,computed
chapman->ptbxl,chapman,ptbxl,resnet1d,46,noise6,noise,0.2401483020128086,0.0689811256788877,0.06361409800597875,-0.015508034605060006,0.005367027672908947,1,computed
chapman->ptbxl,chapman,ptbxl,resnet1d,46,noise0,noise,0.21215016192188055,0.05332608139817781,0.047936697781691906,-0.015594450340904203,0.005389383616485902,1,computed
chapman->ptbxl,chapman,ptbxl,resnet1d,46,noise-6,noise,0.4336917372681026,0.19551502195040052,0.18420488984988473,-0.012290355090121996,0.01131013210051579,1,computed
chapman->ptbxl,chapman,ptbxl,resnet1d,46,gain0.5,gain,0.27868236635745763,0.12366214279554988,0.11718685753197536,-0.00797780884316207,0.006475285263574521,1,computed
chapman->ptbxl,chapman,ptbxl,resnet1d,46,gain2.0,gain,0.32112224946673995,0.10945158952164616,0.10065963403584498,-0.013178856483580192,0.008791955485801181,1,computed
chapman->ptbxl,chapman,ptbxl,inceptiontime,42,fs250,downsample,0.6978619725656479,0.499015817077825,0.5018957113658087,0.0021702469858556617,-0.0028798942879836864,0,computed
chapman->ptbxl,chapman,ptbxl,inceptiontime,42,fs125,downsample,0.7571771479397792,0.5761615090614948,0.5775626889896324,0.0010419811509465582,-0.001401179928137597,0,computed
chapman->ptbxl,chapman,ptbxl,inceptiontime,42,leads6,leads,0.33281516257154514,0.17463849327187714,0.1773601072815676,0.003079461590017929,-0.002721614009690454,0,computed
chapman->ptbxl,chapman,ptbxl,inceptiontime,42,leads3,leads,0.28315195985729347,0.10362964834897673,0.10506008996206243,0.004207617675294428,-0.0014304416130856978,0,computed
chapman->ptbxl,chapman,ptbxl,inceptiontime,42,leads2,leads,0.20441692582950374,0.04822551766765685,0.04994993414993979,0.005001909478411143,-0.0017244164822829422,0,computed
chapman->ptbxl,chapman,ptbxl,inceptiontime,42,leads1,leads,0.18663021770002805,0.039929807703543034,0.041826144403645744,0.004440118423606615,-0.0018963367001027104,0,computed
chapman->ptbxl,chapman,ptbxl,inceptiontime,42,noise24,noise,0.2592184732644479,0.13644728492960373,0.13736624335562073,0.0026693018329101426,-0.000918958426016997,0,computed
chapman->ptbxl,chapman,ptbxl,inceptiontime,42,noise12,noise,0.29463990385555383,0.1517843665333965,0.15384697185279356,0.003318489818327608,-0.0020626053193970595,0,computed
chapman->ptbxl,chapman,ptbxl,inceptiontime,42,noise6,noise,0.38752804491989185,0.20530616158916326,0.20896213534415548,0.004020861087276895,-0.0036559737549922144,0,computed
chapman->ptbxl,chapman,ptbxl,inceptiontime,42,noise0,noise,0.5267873397887949,0.2968074856975982,0.301420980629334,0.0045025956379439735,-0.004613494931735795,0,computed
chapman->ptbxl,chapman,ptbxl,inceptiontime,42,noise-6,noise,0.38261367779356936,0.15382118086057192,0.1572241149823198,0.004567635779775758,-0.003402934121747886,0,computed
chapman->ptbxl,chapman,ptbxl,inceptiontime,42,gain0.5,gain,0.5293258609916179,0.3109840615088526,0.3154357133408191,0.003548863837860572,-0.004451651831966497,0,computed
chapman->ptbxl,chapman,ptbxl,inceptiontime,42,gain2.0,gain,0.5565270645337318,0.3278317301094381,0.3329825452394568,0.004568325007581087,-0.005150815130018693,0,computed
chapman->ptbxl,chapman,ptbxl,inceptiontime,43,fs250,downsample,0.5566111608619045,0.3545205867878872,0.3480846924338622,-0.006847307712357753,0.006435894354025029,1,computed
chapman->ptbxl,chapman,ptbxl,inceptiontime,43,fs125,downsample,0.5910736475386363,0.391823229595969,0.3859112835015215,-0.006172387764510678,0.005911946094447507,1,computed
chapman->ptbxl,chapman,ptbxl,inceptiontime,43,leads6,leads,0.40281109053944314,0.21549472163675343,0.20773057836139572,-0.008760124505422295,0.00776414327535771,1,computed
chapman->ptbxl,chapman,ptbxl,inceptiontime,43,leads3,leads,0.29868143689633564,0.1360565311779466,0.13233844036976347,-0.007909412936198734,0.0037180908081831388,1,computed
chapman->ptbxl,chapman,ptbxl,inceptiontime,43,leads2,leads,0.24224390872639404,0.1008623660114841,0.09735156701105419,-0.008084792750257502,0.003510799000429915,1,computed
chapman->ptbxl,chapman,ptbxl,inceptiontime,43,leads1,leads,0.2524509322594914,0.08527027762771791,0.07682573493640595,-0.008737398467930507,0.008444542691311965,1,computed
chapman->ptbxl,chapman,ptbxl,inceptiontime,43,noise24,noise,0.25073137060589884,0.11926091511195751,0.11520256092955439,-0.009478676984388562,0.0040583541824031205,1,computed
chapman->ptbxl,chapman,ptbxl,inceptiontime,43,noise12,noise,0.254829000129416,0.12117077759455053,0.11767247297171769,-0.008768231696713896,0.0034983046228328346,1,computed
chapman->ptbxl,chapman,ptbxl,inceptiontime,43,noise6,noise,0.2678672547376494,0.12414454729488915,0.11842317996469304,-0.009499023323750189,0.0057213673301961115,1,computed
chapman->ptbxl,chapman,ptbxl,inceptiontime,43,noise0,noise,0.2822240783138937,0.12086866920268508,0.11449838680177628,-0.010407716487649876,0.006370282400908797,1,computed
chapman->ptbxl,chapman,ptbxl,inceptiontime,43,noise-6,noise,0.2661446350143672,0.10538497408185668,0.09810535612270561,-0.01076410290614499,0.007279617959151066,1,computed
chapman->ptbxl,chapman,ptbxl,inceptiontime,43,gain0.5,gain,0.544849175067033,0.33218517034329453,0.32604615663614334,-0.008029592043706013,0.006139013707151197,1,computed
chapman->ptbxl,chapman,ptbxl,inceptiontime,43,gain2.0,gain,0.2733102583884468,0.12246683851546444,0.11802999748692158,-0.011220378729622948,0.0044368410285428594,1,computed
chapman->ptbxl,chapman,ptbxl,inceptiontime,44,fs250,downsample,0.6094546793762976,0.3940938170780111,0.38365195639933797,-0.008718939890006938,0.010441860678673143,1,computed
chapman->ptbxl,chapman,ptbxl,inceptiontime,44,fs125,downsample,0.6677445698860318,0.4670299198175424,0.45786213666416026,-0.006939813647845794,0.009167783153382125,1,computed
chapman->ptbxl,chapman,ptbxl,inceptiontime,44,leads6,leads,0.3290218195001184,0.15677347724728313,0.14916827833034296,-0.012732527758652856,0.00760519891694017,1,computed
chapman->ptbxl,chapman,ptbxl,inceptiontime,44,leads3,leads,0.2815854839898345,0.11012241340008971,0.10268315894857741,-0.012211566542783159,0.007439254451512306,1,computed
chapman->ptbxl,chapman,ptbxl,inceptiontime,44,leads2,leads,0.2597763931608212,0.10910529534533445,0.10487850070096055,-0.011780033295696601,0.0042267946443738935,1,computed
chapman->ptbxl,chapman,ptbxl,inceptiontime,44,leads1,leads,0.5510435109187178,0.3069596618739415,0.2869230458868109,-0.01907049987674414,0.020036615987130635,1,computed
chapman->ptbxl,chapman,ptbxl,inceptiontime,44,noise24,noise,0.2543518859883038,0.11495481048844547,0.10850368601897609,-0.013907107612281644,0.0064511244694693826,1,computed
chapman->ptbxl,chapman,ptbxl,inceptiontime,44,noise12,noise,0.2531897596201177,0.11642483538350828,0.11021311395359831,-0.012357144881039533,0.006211721429909972,1,computed
chapman->ptbxl,chapman,ptbxl,inceptiontime,44,noise6,noise,0.2841996162691243,0.12992915087075627,0.12271060834193225,-0.013169680859758504,0.007218542528824021,1,computed
chapman->ptbxl,chapman,ptbxl,inceptiontime,44,noise0,noise,0.3527443500343912,0.1642961881009521,0.14940760283816712,-0.016313405994478947,0.01488858526278497,1,computed
chapman->ptbxl,chapman,ptbxl,inceptiontime,44,noise-6,noise,0.44347230887075506,0.21397204197901734,0.19576561277017046,-0.018550000908098385,0.01820642920884688,1,computed
chapman->ptbxl,chapman,ptbxl,inceptiontime,44,gain0.5,gain,0.5678965772114888,0.3523486628802776,0.3406207523027387,-0.010865912319835247,0.011727910577538914,1,computed
chapman->ptbxl,chapman,ptbxl,inceptiontime,44,gain2.0,gain,0.44494158524339733,0.22071983436836334,0.20701950818618395,-0.014452478100376531,0.013700326182179395,1,computed
chapman->ptbxl,chapman,ptbxl,inceptiontime,45,fs250,downsample,0.6113495694741106,0.40471087840354014,0.38748925275366264,-0.01532274895123642,0.017221625649877503,1,computed
chapman->ptbxl,chapman,ptbxl,inceptiontime,45,fs125,downsample,0.7530410283777252,0.5727687077341072,0.5636177022019462,-0.006312237914868235,0.009151005532160972,1,computed
chapman->ptbxl,chapman,ptbxl,inceptiontime,45,leads6,leads,0.4290691458398502,0.2335725356139849,0.2162479631123384,-0.020472631351437287,0.017324572501646485,1,computed
chapman->ptbxl,chapman,ptbxl,inceptiontime,45,leads3,leads,0.43522250984161387,0.20611583676310363,0.187211976412291,-0.022615768637230027,0.018903860350812624,1,computed
chapman->ptbxl,chapman,ptbxl,inceptiontime,45,leads2,leads,0.17732746932108495,0.03690359404105873,0.02989201623640164,-0.0158378533349961,0.007011577804657092,1,computed
chapman->ptbxl,chapman,ptbxl,inceptiontime,45,leads1,leads,0.40077525229933647,0.1630652517586277,0.14163485637933582,-0.026725916144021755,0.021430395379291894,1,computed
chapman->ptbxl,chapman,ptbxl,inceptiontime,45,noise24,noise,0.2702439479062209,0.12986563322334063,0.11825061393215631,-0.02371500350162617,0.011615019291184317,1,computed
chapman->ptbxl,chapman,ptbxl,inceptiontime,45,noise12,noise,0.27255917834244847,0.12866151184947267,0.11459043609294152,-0.024891448095798407,0.014071075756531146,1,computed
chapman->ptbxl,chapman,ptbxl,inceptiontime,45,noise6,noise,0.2563655284313803,0.11754055863345224,0.10297860487960724,-0.02612747678112734,0.014561953753845003,1,computed
chapman->ptbxl,chapman,ptbxl,inceptiontime,45,noise0,noise,0.2393829513906469,0.08545020357200575,0.07002150824643336,-0.02695295507893522,0.015428695325572395,1,computed
chapman->ptbxl,chapman,ptbxl,inceptiontime,45,noise-6,noise,0.29306758867874233,0.09704628355417694,0.08099687552319428,-0.02490690103644999,0.016049408030982662,1,computed
chapman->ptbxl,chapman,ptbxl,inceptiontime,45,gain0.5,gain,0.6735732038792329,0.4577572910511787,0.431522854672842,-0.01972904547185106,0.026234436378336667,1,computed
chapman->ptbxl,chapman,ptbxl,inceptiontime,45,gain2.0,gain,0.3150556104038117,0.11654837590392683,0.10133637413984081,-0.02377876263288059,0.01521200176408602,1,computed
chapman->ptbxl,chapman,ptbxl,inceptiontime,46,fs250,downsample,0.7307299281426097,0.5400459923205734,0.532713880321011,-0.0059467466902074495,0.007332111999562407,1,computed
chapman->ptbxl,chapman,ptbxl,inceptiontime,46,fs125,downsample,0.7657306457105579,0.5842764556882531,0.5772296560079249,-0.0046597006506940986,0.007046799680328286,1,computed
chapman->ptbxl,chapman,ptbxl,inceptiontime,46,leads6,leads,0.31082861232106657,0.1473875212560235,0.13897998011576526,-0.015709572077979683,0.00840754114025824,1,computed
chapman->ptbxl,chapman,ptbxl,inceptiontime,46,leads3,leads,0.3719420087936317,0.16692203504537423,0.15499099686246026,-0.016102767903119375,0.011931038182913967,1,computed
chapman->ptbxl,chapman,ptbxl,inceptiontime,46,leads2,leads,0.3223402617499739,0.12579952191842925,0.1157778184316097,-0.01650231382423717,0.01002170348681955,1,computed
chapman->ptbxl,chapman,ptbxl,inceptiontime,46,leads1,leads,0.4739002866791267,0.2415820633291591,0.22108459431634306,-0.021251325726273862,0.020497469012816044,1,computed
chapman->ptbxl,chapman,ptbxl,inceptiontime,46,noise24,noise,0.25294151926338665,0.10458002306266301,0.09673569853295945,-0.01682951375462674,0.007844324529703559,1,computed
chapman->ptbxl,chapman,ptbxl,inceptiontime,46,noise12,noise,0.2480917735771958,0.09873660121832094,0.09273325672933364,-0.01836447090780044,0.006003344488987303,1,computed
chapman->ptbxl,chapman,ptbxl,inceptiontime,46,noise6,noise,0.21031680451992701,0.07852053999204398,0.07286359685062217,-0.01824700844724461,0.0056569431414218024,1,computed
chapman->ptbxl,chapman,ptbxl,inceptiontime,46,noise0,noise,0.15119930671003115,0.03746560385166374,0.032529744503468766,-0.016456922471840107,0.004935859348194974,1,computed
chapman->ptbxl,chapman,ptbxl,inceptiontime,46,noise-6,noise,0.5391657416326071,0.2961246592287332,0.276851578628557,-0.017341042011081553,0.019273080600176185,1,computed
chapman->ptbxl,chapman,ptbxl,inceptiontime,46,gain0.5,gain,0.670921412373685,0.46111311813921374,0.4479151992725016,-0.009456582718628481,0.013197918866712122,1,computed
chapman->ptbxl,chapman,ptbxl,inceptiontime,46,gain2.0,gain,0.3970299860829283,0.1664057748296186,0.15506342001034612,-0.013384314154387456,0.011342354819272482,1,computed
chapman->cpsc,chapman,cpsc,resnet1d,42,fs250,downsample,0.42064427068598015,0.1799176278418643,0.1239469050389169,-0.07186357059098031,0.055970722802947404,1,computed
chapman->cpsc,chapman,cpsc,resnet1d,42,fs125,downsample,0.4240926295529727,0.18477414526187527,0.12249783048631098,-0.08646038550365359,0.06227631477556429,1,computed
chapman->cpsc,chapman,cpsc,resnet1d,42,leads6,leads,0.3464736438350522,0.12605804860709738,0.07180016268715113,-0.08476576239653782,0.05425788591994625,1,computed
chapman->cpsc,chapman,cpsc,resnet1d,42,leads3,leads,0.30301456791770154,0.09724242246656929,0.04547632863555606,-0.10188169043779607,0.05176609383101323,1,computed
chapman->cpsc,chapman,cpsc,resnet1d,42,leads2,leads,0.34202536366330394,0.13195303668439912,0.07407384003149808,-0.10246576158437429,0.05787919665290103,1,computed
chapman->cpsc,chapman,cpsc,resnet1d,42,leads1,leads,0.22740156467006312,0.07615054051058742,0.04023803098184366,-0.09737279684722941,0.03591250952874376,1,computed
chapman->cpsc,chapman,cpsc,resnet1d,42,noise24,noise,0.3640014324854638,0.14179788805418983,0.08275741564667455,-0.08707498644403733,0.05904047240751528,1,computed
chapman->cpsc,chapman,cpsc,resnet1d,42,noise12,noise,0.3640663088349855,0.1423724973271562,0.08414544164013309,-0.08771140388615717,0.05822705568702312,1,computed
chapman->cpsc,chapman,cpsc,resnet1d,42,noise6,noise,0.35873572193434017,0.1351945835228338,0.07814958647575344,-0.08818635651616014,0.05704499704708037,1,computed
chapman->cpsc,chapman,cpsc,resnet1d,42,noise0,noise,0.36094582923246155,0.1327212368998489,0.07578569390114308,-0.09080919567780998,0.05693554299870583,1,computed
chapman->cpsc,chapman,cpsc,resnet1d,42,noise-6,noise,0.45300417810721816,0.2114905926985336,0.12347006931100664,-0.1020279684535082,0.08802052338752696,1,computed
chapman->cpsc,chapman,cpsc,resnet1d,42,gain0.5,gain,0.3154648306242515,0.10122251734555232,0.05150927424797234,-0.09163432451246692,0.04971324309757998,1,computed
chapman->cpsc,chapman,cpsc,resnet1d,42,gain2.0,gain,0.3428023708903944,0.11914222657749805,0.06862228291247668,-0.08176053332624689,0.05051994366502137,1,computed
chapman->cpsc,chapman,cpsc,resnet1d,43,fs250,downsample,0.39246101267377137,0.15686456066390858,0.13031969637415394,-0.035735389764989134,0.02654486428975464,1,computed
chapman->cpsc,chapman,cpsc,resnet1d,43,fs125,downsample,0.36628731390907804,0.14560851435343408,0.1219113453042808,-0.040866330729411926,0.023697169049153283,1,computed
chapman->cpsc,chapman,cpsc,resnet1d,43,leads6,leads,0.3147309716789148,0.1020008421542513,0.07618562793445507,-0.0434872520869532,0.025815214219796226,1,computed
chapman->cpsc,chapman,cpsc,resnet1d,43,leads3,leads,0.37382613841898016,0.1378695960001054,0.11183287424796184,-0.03579592059658493,0.026036721752143555,1,computed
chapman->cpsc,chapman,cpsc,resnet1d,43,leads2,leads,0.532844663293093,0.28145848419702507,0.23810836023195547,-0.041156332772093185,0.0433501239650696,1,computed
chapman->cpsc,chapman,cpsc,resnet1d,43,leads1,leads,0.47067525621748363,0.23342349688577788,0.20210799189707507,-0.031417137690534336,0.03131550498870281,1,computed
chapman->cpsc,chapman,cpsc,resnet1d,43,noise24,noise,0.36865810434796065,0.14160385901534778,0.10892038813386973,-0.045494284043540334,0.03268347088147805,1,computed
chapman->cpsc,chapman,cpsc,resnet1d,43,noise12,noise,0.36374183121258935,0.13752286998541485,0.10575978978050515,-0.04521076814166586,0.0317630802049097,1,computed
chapman->cpsc,chapman,cpsc,resnet1d,43,noise6,noise,0.353035309208959,0.1286177620064213,0.0982622785668312,-0.04458200039281601,0.030355483439590103,1,computed
chapman->cpsc,chapman,cpsc,resnet1d,43,noise0,noise,0.2629072817054708,0.08474744328132279,0.061037797990340786,-0.045775446635874184,0.023709645290982004,1,computed
chapman->cpsc,chapman,cpsc,resnet1d,43,noise-6,noise,0.3862229009519599,0.158468588098242,0.1220105882996157,-0.05691693497251332,0.036457999798626295,1,computed
chapman->cpsc,chapman,cpsc,resnet1d,43,gain0.5,gain,0.3237903437327051,0.1072803772318785,0.07896623121840221,-0.044856745536757614,0.028314146013476288,1,computed
chapman->cpsc,chapman,cpsc,resnet1d,43,gain2.0,gain,0.33821706584978084,0.1148034179524661,0.08537841676649233,-0.04622264399004944,0.02942500118597377,1,computed
chapman->cpsc,chapman,cpsc,resnet1d,44,fs250,downsample,0.4093356233968498,0.16832345300436288,0.13535728767029692,-0.041413523330742386,0.03296616533406596,1,computed
chapman->cpsc,chapman,cpsc,resnet1d,44,fs125,downsample,0.36233450186549904,0.13454962877444226,0.09689634884006168,-0.05729241973553051,0.037653279934380585,1,computed
chapman->cpsc,chapman,cpsc,resnet1d,44,leads6,leads,0.3510107301434684,0.12398337977718063,0.08769348864526028,-0.05558048269985927,0.036289891131920354,1,computed
chapman->cpsc,chapman,cpsc,resnet1d,44,leads3,leads,0.30034083726743016,0.10034312652999121,0.06923625098641087,-0.07308826693672602,0.03110687554358034,1,computed
chapman->cpsc,chapman,cpsc,resnet1d,44,leads2,leads,0.22367262982371888,0.07153501822681954,0.04544172363056932,-0.07541687558544652,0.02609329459625022,1,computed
chapman->cpsc,chapman,cpsc,resnet1d,44,leads1,leads,0.445446114612109,0.2010807255619314,0.16162554550581565,-0.04694628872080597,0.03945518005611576,1,computed
chapman->cpsc,chapman,cpsc,resnet1d,44,noise24,noise,0.36407766126843794,0.13843115407636508,0.09564133851734606,-0.05931306337556774,0.04278981555901902,1,computed
chapman->cpsc,chapman,cpsc,resnet1d,44,noise12,noise,0.35288289705694637,0.13009833898762097,0.08784147180779886,-0.06042133269790845,0.042256867179822105,1,computed
chapman->cpsc,chapman,cpsc,resnet1d,44,noise6,noise,0.3379670623033903,0.11559227174910772,0.07716162604347274,-0.06268679318223752,0.03843064570563498,1,computed
chapman->cpsc,chapman,cpsc,resnet1d,44,noise0,noise,0.27532116470014567,0.07758716871934639,0.04550312999536895,-0.06468942533540972,0.032084038723977436,1,computed
chapman->cpsc,chapman,cpsc,resnet1d,44,noise-6,noise,0.22520259634233253,0.051900432898446584,0.02418864651159021,-0.07303512428616038,0.027711786386856375,1,computed
chapman->cpsc,chapman,cpsc,resnet1d,44,gain0.5,gain,0.34729517236855384,0.1250853645181792,0.08965797103325235,-0.05612769727028766,0.03542739348492685,1,computed
chapman->cpsc,chapman,cpsc,resnet1d,44,gain2.0,gain,0.3516976317052457,0.1278310950940884,0.08749448492439378,-0.0570258032173826,0.04033661016969463,1,computed
chapman->cpsc,chapman,cpsc,resnet1d,45,fs250,downsample,0.4202574977971982,0.17497273881446979,0.12748174456320557,-0.05998206281929053,0.04749099425126421,1,computed
chapman->cpsc,chapman,cpsc,resnet1d,45,fs125,downsample,0.3618977232027555,0.13755501220422664,0.0729812082111033,-0.09740971661388376,0.06457380399312335,1,computed
chapman->cpsc,chapman,cpsc,resnet1d,45,leads6,leads,0.3798744188618441,0.15689950026853192,0.10143163826588332,-0.07380003963560694,0.055467862002648596,1,computed
chapman->cpsc,chapman,cpsc,resnet1d,45,leads3,leads,0.42776918418661625,0.1832437205019168,0.1222332697048282,-0.07794655478857837,0.06101045079708861,1,computed
chapman->cpsc,chapman,cpsc,resnet1d,45,leads2,leads,0.415465327139186,0.179367293084215,0.11753750066808122,-0.08669292824797581,0.06182979241613379,1,computed
chapman->cpsc,chapman,cpsc,resnet1d,45,leads1,leads,0.45910466690185797,0.2134200529227766,0.16832102990951428,-0.052270333489779774,0.045099023013262324,1,computed
chapman->cpsc,chapman,cpsc,resnet1d,45,noise24,noise,0.3850412469938591,0.1632836550547226,0.10503766661559098,-0.07655689012365091,0.058245988439131605,1,computed
chapman->cpsc,chapman,cpsc,resnet1d,45,noise12,noise,0.37252482695650524,0.15105515896493768,0.09491289509817755,-0.0769875480512216,0.056142263866760134,1,computed
chapman->cpsc,chapman,cpsc,resnet1d,45,noise6,noise,0.34517103073057315,0.1303289283983783,0.0760120180071945,-0.07948952908962892,0.05431691039118382,1,computed
chapman->cpsc,chapman,cpsc,resnet1d,45,noise0,noise,0.3417917810022447,0.12151007279126154,0.06610040803895072,-0.08605553875579952,0.05540966475231082,1,computed
chapman->cpsc,chapman,cpsc,resnet1d,45,noise-6,noise,0.6286893729242052,0.4144074819838183,0.27328754820226164,-0.11913570729959044,0.14111993378155668,1,computed
chapman->cpsc,chapman,cpsc,resnet1d,45,gain0.5,gain,0.3518718508591686,0.12523523544333154,0.07698874302268333,-0.07598401525260262,0.04824649242064821,1,computed
chapman->cpsc,chapman,cpsc,resnet1d,45,gain2.0,gain,0.36830364544810446,0.1415418878922349,0.08161264674728996,-0.08515289763436928,0.05992924114494494,1,computed
chapman->cpsc,chapman,cpsc,resnet1d,46,fs250,downsample,0.4085695537092013,0.16986119208318606,0.14102352505865462,-0.03908622927291,0.028837667024531444,1,computed
chapman->cpsc,chapman,cpsc,resnet1d,46,fs125,downsample,0.4182838134355884,0.17661908648150815,0.14378962406840537,-0.04646200820776086,0.03282946241310278,1,computed
chapman->cpsc,chapman,cpsc,resnet1d,46,leads6,leads,0.3884294452716102,0.15865029628684152,0.11478216249008136,-0.0561028403471156,0.04386813379676016,1,computed
chapman->cpsc,chapman,cpsc,resnet1d,46,leads3,leads,0.23205737829083783,0.05414712139370734,0.03329356128562093,-0.05407585837120349,0.020853560108086408,1,computed
chapman->cpsc,chapman,cpsc,resnet1d,46,leads2,leads,0.26999814021508883,0.07870354931923029,0.05610815980888222,-0.041217787990452504,0.02259538951034807,1,computed
chapman->cpsc,chapman,cpsc,resnet1d,46,leads1,leads,0.1260260912724473,0.016485270486401443,0.006029511527326629,-0.049103327125385954,0.010455758959074815,1,computed
chapman->cpsc,chapman,cpsc,resnet1d,46,noise24,noise,0.40863991630949387,0.17529167685283004,0.12801963110526107,-0.058182646016616046,0.047272045747568964,1,computed
chapman->cpsc,chapman,cpsc,resnet1d,46,noise12,noise,0.4064049802017093,0.17301747306630066,0.12568046294911409,-0.05802935690467603,0.04733701011718658,1,computed
chapman->cpsc,chapman,cpsc,resnet1d,46,noise6,noise,0.38440453183137907,0.15171312796199787,0.10930704095691722,-0.056456512076252574,0.04240608700508065,1,computed
chapman->cpsc,chapman,cpsc,resnet1d,46,noise0,noise,0.2904897617081329,0.09162944597363253,0.058965288182066304,-0.058337268784700136,0.03266415779156622,1,computed
chapman->cpsc,chapman,cpsc,resnet1d,46,noise-6,noise,0.2935810589460047,0.09110231566019185,0.0508762336765545,-0.07807972001724603,0.04022608198363735,1,computed
chapman->cpsc,chapman,cpsc,resnet1d,46,gain0.5,gain,0.3530768409278231,0.12824914124847475,0.08863165465952055,-0.058454225782767766,0.0396174865889542,1,computed
chapman->cpsc,chapman,cpsc,resnet1d,46,gain2.0,gain,0.32782896589331595,0.10981876568663486,0.07216997086070846,-0.06379391636533505,0.037648794825926396,1,computed
chapman->cpsc,chapman,cpsc,inceptiontime,42,fs250,downsample,0.40105516513552797,0.16441301636166278,0.12190880470409127,-0.05656898990786208,0.04250421165757151,1,computed
chapman->cpsc,chapman,cpsc,inceptiontime,42,fs125,downsample,0.44088766758485937,0.1994645928298583,0.1643713998721836,-0.04651111835494548,0.035093192957674685,1,computed
chapman->cpsc,chapman,cpsc,inceptiontime,42,leads6,leads,0.3355404634477657,0.11452137086938059,0.07024493572090942,-0.07334014517293691,0.04427643514847117,1,computed
chapman->cpsc,chapman,cpsc,inceptiontime,42,leads3,leads,0.4432881892555108,0.19820410447330164,0.14974202823069255,-0.06103306953464088,0.04846207624260909,1,computed
chapman->cpsc,chapman,cpsc,inceptiontime,42,leads2,leads,0.3782236602064108,0.15062478219146008,0.08773964424567761,-0.09648795386907488,0.06288513794578247,1,computed
chapman->cpsc,chapman,cpsc,inceptiontime,42,leads1,leads,0.379945023768885,0.15970857360824822,0.10559698389216357,-0.10003594609923055,0.05411158971608465,1,computed
chapman->cpsc,chapman,cpsc,inceptiontime,42,noise24,noise,0.41272885109379037,0.17687310502845577,0.11143611130492945,-0.08165358680604778,0.06543699372352632,1,computed
chapman->cpsc,chapman,cpsc,inceptiontime,42,noise12,noise,0.4014170579776257,0.1657358455252141,0.10168439294411481,-0.08251636449252675,0.06405145258109927,1,computed
chapman->cpsc,chapman,cpsc,inceptiontime,42,noise6,noise,0.36533062017772033,0.1352578774471245,0.07880965776939124,-0.08256514167826223,0.056448219677733266,1,computed
chapman->cpsc,chapman,cpsc,inceptiontime,42,noise0,noise,0.29688133432034974,0.09227527362012727,0.049344626905018486,-0.08222300432101237,0.04293064671510879,1,computed
chapman->cpsc,chapman,cpsc,inceptiontime,42,noise-6,noise,0.37440274236997984,0.15900893011684955,0.09822536706947493,-0.0795922561560985,0.06078356304737462,1,computed
chapman->cpsc,chapman,cpsc,inceptiontime,42,gain0.5,gain,0.39385944932646,0.16385091346420153,0.11543930814418438,-0.06708069671762845,0.04841160532001715,1,computed
chapman->cpsc,chapman,cpsc,inceptiontime,42,gain2.0,gain,0.366835393047115,0.14252740498384597,0.08628873839920037,-0.07765764190219093,0.0562386665846456,1,computed
chapman->cpsc,chapman,cpsc,inceptiontime,43,fs250,downsample,0.4069156959104628,0.1666085900415879,0.13815074553111836,-0.04008769417949626,0.028457844510469538,1,computed
chapman->cpsc,chapman,cpsc,inceptiontime,43,fs125,downsample,0.42394513173892945,0.184652154997164,0.15150109020358604,-0.04369685111830668,0.03315106479357796,1,computed
chapman->cpsc,chapman,cpsc,inceptiontime,43,leads6,leads,0.35958037742401305,0.13794936747067366,0.11175889825409674,-0.05097107255496425,0.026190469216576917,1,computed
chapman->cpsc,chapman,cpsc,inceptiontime,43,leads3,leads,0.23608893641414821,0.05534773050774869,0.032688275110223125,-0.05800322325675539,0.022659455397525563,1,computed
chapman->cpsc,chapman,cpsc,inceptiontime,43,leads2,leads,0.26059349060065234,0.06622806307435677,0.04587911687513194,-0.04748422872353794,0.020348946199224838,1,computed
chapman->cpsc,chapman,cpsc,inceptiontime,43,leads1,leads,0.5977519025220399,0.36163486947647067,0.2977115314438963,-0.05482562831136928,0.06392333803257438,1,computed
chapman->cpsc,chapman,cpsc,inceptiontime,43,noise24,noise,0.32848620995146277,0.11134222094554938,0.08024772844598199,-0.05434411017478463,0.03109449249956739,1,computed
chapman->cpsc,chapman,cpsc,inceptiontime,43,noise12,noise,0.31915725711342213,0.10785019663851085,0.0763104236330657,-0.05479022012552265,0.03153977300544515,1,computed
chapman->cpsc,chapman,cpsc,inceptiontime,43,noise6,noise,0.3092551572295839,0.10143228994305964,0.06900841755276488,-0.05652695297738336,0.03242387239029476,1,computed
chapman->cpsc,chapman,cpsc,inceptiontime,43,noise0,noise,0.2908204072805096,0.09509717346384167,0.062119440030632966,-0.06105384666208016,0.0329777334332087,1,computed
chapman->cpsc,chapman,cpsc,inceptiontime,43,noise-6,noise,0.2688082847290861,0.07605343016934579,0.04011094861656646,-0.07500847095921825,0.035942481552779335,1,computed
chapman->cpsc,chapman,cpsc,inceptiontime,43,gain0.5,gain,0.34652625245488883,0.12255236075461316,0.08634108605268277,-0.06077950250117381,0.03621127470193039,1,computed
chapman->cpsc,chapman,cpsc,inceptiontime,43,gain2.0,gain,0.3074311492985569,0.10639709627113685,0.07331825848718028,-0.05880596600982019,0.033078837783956566,1,computed
chapman->cpsc,chapman,cpsc,inceptiontime,44,fs250,downsample,0.41310671292000256,0.17153134423988417,0.12306059298976157,-0.07055852718747851,0.048470751250122596,1,computed
chapman->cpsc,chapman,cpsc,inceptiontime,44,fs125,downsample,0.434627820348839,0.1892947125650446,0.12666970274748515,-0.07738826785736241,0.06262500981755945,1,computed
chapman->cpsc,chapman,cpsc,inceptiontime,44,leads6,leads,0.3717839162450091,0.14464371841397886,0.07866601863688713,-0.09390294524665577,0.06597769977709173,1,computed
chapman->cpsc,chapman,cpsc,inceptiontime,44,leads3,leads,0.2893094279241733,0.08467573022030925,0.03346240789270024,-0.10473958580926965,0.05121332232760901,1,computed
chapman->cpsc,chapman,cpsc,inceptiontime,44,leads2,leads,0.23586094065111574,0.059718965461973805,0.024363175411901784,-0.09602119462147848,0.03535579005007202,1,computed
chapman->cpsc,chapman,cpsc,inceptiontime,44,leads1,leads,0.2947054549921805,0.09413092793717662,0.03592372752660873,-0.12818676137572518,0.058207200410567886,1,computed
chapman->cpsc,chapman,cpsc,inceptiontime,44,noise24,noise,0.41016729012066544,0.17783987356480177,0.09922506986744675,-0.10133647366952514,0.07861480369735502,1,computed
chapman->cpsc,chapman,cpsc,inceptiontime,44,noise12,noise,0.41101239459767563,0.17773128939206706,0.09810111294416202,-0.10372967554550583,0.07963017644790504,1,computed
chapman->cpsc,chapman,cpsc,inceptiontime,44,noise6,noise,0.40671093047161155,0.1743250533171756,0.09423138528113853,-0.10666882605680428,0.08009366803603707,1,computed
chapman->cpsc,chapman,cpsc,inceptiontime,44,noise0,noise,0.4106966551686865,0.17610723248611795,0.08999703271140871,-0.11410795435430393,0.08611019977470924,1,computed
chapman->cpsc,chapman,cpsc,inceptiontime,44,noise-6,noise,0.26271853088600566,0.0777173427982158,0.03252451824110449,-0.11012354648201941,0.0451928245571113,1,computed
chapman->cpsc,chapman,cpsc,inceptiontime,44,gain0.5,gain,0.3674831044715087,0.13981538477066788,0.08815661225458046,-0.07734736256228186,0.051658772516087414,1,computed
chapman->cpsc,chapman,cpsc,inceptiontime,44,gain2.0,gain,0.36426172500909637,0.13757701272573775,0.06265120427105186,-0.11113187094361981,0.07492580845468588,1,computed
chapman->cpsc,chapman,cpsc,inceptiontime,45,fs250,downsample,0.4151473137257029,0.17787265670438762,0.15739065174897027,-0.02743593039465736,0.020482004955417354,1,computed
chapman->cpsc,chapman,cpsc,inceptiontime,45,fs125,downsample,0.4515414759803143,0.20170246313997928,0.1864734292806468,-0.018238560525381253,0.01522903385933247,1,computed
chapman->cpsc,chapman,cpsc,inceptiontime,45,leads6,leads,0.34343880324694326,0.1187142093993536,0.09091643702168689,-0.0423805783131152,0.027797772377666716,1,computed
chapman->cpsc,chapman,cpsc,inceptiontime,45,leads3,leads,0.2703517828904302,0.07633151537439128,0.048610528753112524,-0.05603115365085798,0.02772098662127876,1,computed
chapman->cpsc,chapman,cpsc,inceptiontime,45,leads2,leads,0.23845958425388447,0.05931504295317505,0.0347993068672724,-0.054765287485814024,0.02451573608590265,1,computed
chapman->cpsc,chapman,cpsc,inceptiontime,45,leads1,leads,0.2252024474899257,0.060674168394439024,0.03310410789810593,-0.06696428325368431,0.027570060496333093,1,computed
chapman->cpsc,chapman,cpsc,inceptiontime,45,noise24,noise,0.3758060520870538,0.1439921525301716,0.10898144052167552,-0.045855426443139835,0.03501071200849609,1,computed
chapman->cpsc,chapman,cpsc,inceptiontime,45,noise12,noise,0.35669876538011347,0.13010732667326758,0.09714582741512767,-0.04589893025815994,0.032961499258139904,1,computed
chapman->cpsc,chapman,cpsc,inceptiontime,45,noise6,noise,0.3268938755807321,0.1084636202284888,0.0786130280276095,-0.04680513369489475,0.029850592200879295,1,computed
chapman->cpsc,chapman,cpsc,inceptiontime,45,noise0,noise,0.2398583708097504,0.058000493441372064,0.03604685516637353,-0.04756011125215798,0.021953638274998535,1,computed
chapman->cpsc,chapman,cpsc,inceptiontime,45,noise-6,noise,0.18893144894366376,0.037141831462619644,0.018763444761853192,-0.04994443007546526,0.018378386700766452,1,computed
chapman->cpsc,chapman,cpsc,inceptiontime,45,gain0.5,gain,0.37056420779065047,0.1400012008777165,0.10870863407821102,-0.04592544681924571,0.031292566799505483,1,computed
chapman->cpsc,chapman,cpsc,inceptiontime,45,gain2.0,gain,0.29606001520364367,0.08737126694946085,0.06332936818023935,-0.0429454197084308,0.024041898769221498,1,computed
chapman->cpsc,chapman,cpsc,inceptiontime,46,fs250,downsample,0.42841105040820965,0.18562310555355138,0.15162077961645248,-0.04544993524611757,0.0340023259370989,1,computed
chapman->cpsc,chapman,cpsc,inceptiontime,46,fs125,downsample,0.4506123852884484,0.20535795737741064,0.17176077354010208,-0.04086398990988882,0.03359718383730856,1,computed
chapman->cpsc,chapman,cpsc,inceptiontime,46,leads6,leads,0.3866979184421326,0.15094867055488884,0.10100967798594669,-0.07121346356268593,0.049938992568942145,1,computed
chapman->cpsc,chapman,cpsc,inceptiontime,46,leads3,leads,0.26134170499775417,0.07910708717525847,0.04018457367031909,-0.08831120523831121,0.038922513504939374,1,computed
chapman->cpsc,chapman,cpsc,inceptiontime,46,leads2,leads,0.28189780005052706,0.0854970680577458,0.04547447842966181,-0.08208894565781916,0.04002258962808399,1,computed
chapman->cpsc,chapman,cpsc,inceptiontime,46,leads1,leads,0.28952904970797566,0.10265021017419677,0.054837060859015324,-0.1202412578769183,0.04781314931518145,1,computed
chapman->cpsc,chapman,cpsc,inceptiontime,46,noise24,noise,0.41230433842085923,0.1762331073160026,0.118190520310018,-0.07540071432267864,0.05804258700598461,1,computed
chapman->cpsc,chapman,cpsc,inceptiontime,46,noise12,noise,0.4181888561258751,0.18292759316618468,0.12190774931046607,-0.07671909024403722,0.06101984385571861,1,computed
chapman->cpsc,chapman,cpsc,inceptiontime,46,noise6,noise,0.4195758399482767,0.1852094954022505,0.12294127998030174,-0.077878336796678,0.06226821542194877,1,computed
chapman->cpsc,chapman,cpsc,inceptiontime,46,noise0,noise,0.4523509409315482,0.21079023550514925,0.13594928293737157,-0.08628681237281977,0.07484095256777767,1,computed
chapman->cpsc,chapman,cpsc,inceptiontime,46,noise-6,noise,0.4824245572824252,0.24852495457353155,0.16061270177420858,-0.09141920305031875,0.08791225279932297,1,computed
chapman->cpsc,chapman,cpsc,inceptiontime,46,gain0.5,gain,0.3590418170405404,0.14231126020075868,0.09374735942604566,-0.07213635869029622,0.04856390077471302,1,computed
chapman->cpsc,chapman,cpsc,inceptiontime,46,gain2.0,gain,0.35544202121599777,0.13295897309022225,0.08007714440686992,-0.08040605458696087,0.05288182868335234,1,computed
cpsc->ptbxl,cpsc,ptbxl,resnet1d,42,fs250,downsample,0.6125560384227883,0.3887720323499019,0.10357836416124933,-0.3006530162785185,0.28519366818865255,1,computed
cpsc->ptbxl,cpsc,ptbxl,resnet1d,42,fs125,downsample,0.6225732324931359,0.39096342220022096,0.10236369114107577,-0.3026163381073087,0.28859973105914516,1,computed
cpsc->ptbxl,cpsc,ptbxl,resnet1d,42,leads6,leads,0.49277360955354876,0.2539826066903621,0.049807617380546315,-0.2709371636870022,0.20417498930981579,1,computed
cpsc->ptbxl,cpsc,ptbxl,resnet1d,42,leads3,leads,0.5866444376295794,0.3450279153987031,0.08529026368010321,-0.30432103295919943,0.25973765171859986,1,computed
cpsc->ptbxl,cpsc,ptbxl,resnet1d,42,leads2,leads,0.6198890115527373,0.3857171242707112,0.08575096277326234,-0.3272880131427341,0.29996616149744887,1,computed
cpsc->ptbxl,cpsc,ptbxl,resnet1d,42,leads1,leads,0.589153630458526,0.3505837110286284,0.07702976492698628,-0.3112865251604369,0.27355394610164213,1,computed
cpsc->ptbxl,cpsc,ptbxl,resnet1d,42,noise24,noise,0.4261987281981225,0.19451986774474125,0.029356267301810866,-0.25165762678049086,0.16516360044293038,1,computed
cpsc->ptbxl,cpsc,ptbxl,resnet1d,42,noise12,noise,0.46759409449457695,0.22844157786712155,0.0431947861340128,-0.2587313922864213,0.18524679173310876,1,computed
cpsc->ptbxl,cpsc,ptbxl,resnet1d,42,noise6,noise,0.505933842562707,0.26305941114067366,0.054823246396130426,-0.26828947666495717,0.20823616474454323,1,computed
cpsc->ptbxl,cpsc,ptbxl,resnet1d,42,noise0,noise,0.4388376453852747,0.2198437449397875,0.04677246856860854,-0.23482738129362918,0.17307127637117897,1,computed
cpsc->ptbxl,cpsc,ptbxl,resnet1d,42,noise-6,noise,0.32736038261573,0.11484338540416565,0.024206348983490826,-0.17445712933314708,0.09063703642067483,1,computed
cpsc->ptbxl,cpsc,ptbxl,resnet1d,42,gain0.5,gain,0.5708581224393567,0.3272282475651683,0.0821245432194294,-0.2956231947351778,0.24510370434573886,1,computed
cpsc->ptbxl,cpsc,ptbxl,resnet1d,42,gain2.0,gain,0.3796022774628324,0.17227352660343848,0.048249961604518575,-0.17916366874965567,0.1240235649989199,1,computed
cpsc->ptbxl,cpsc,ptbxl,resnet1d,43,fs250,downsample,0.5580045495648074,0.32813530743788943,0.08439580353800578,-0.2726995402406024,0.24373950389988364,1,computed
cpsc->ptbxl,cpsc,ptbxl,resnet1d,43,fs125,downsample,0.593704357843869,0.3704159483150594,0.09880104772732426,-0.2889905904006905,0.2716149005877352,1,computed
cpsc->ptbxl,cpsc,ptbxl,resnet1d,43,leads6,leads,0.4473269154439326,0.1988214749388577,0.048261441514555345,-0.22744104734137768,0.15056003342430235,1,computed
cpsc->ptbxl,cpsc,ptbxl,resnet1d,43,leads3,leads,0.4613674158162125,0.2125592235977921,0.05200994689719698,-0.23236917108365304,0.16054927670059513,1,computed
cpsc->ptbxl,cpsc,ptbxl,resnet1d,43,leads2,leads,0.3443331865354245,0.12202949753654727,0.025208205294105848,-0.1813313569348797,0.09682129224244142,1,computed
cpsc->ptbxl,cpsc,ptbxl,resnet1d,43,leads1,leads,0.1799557225898965,0.035193619878399356,0.008889131205034364,-0.085735222222497,0.02630448867336499,1,computed
cpsc->ptbxl,cpsc,ptbxl,resnet1d,43,noise24,noise,0.40309886761419494,0.17275455637537995,0.0318699171537348,-0.22310650021870382,0.14088463922164515,1,computed
cpsc->ptbxl,cpsc,ptbxl,resnet1d,43,noise12,noise,0.4312514409197879,0.19278346230484436,0.041325355785111755,-0.22903135660149562,0.1514581065197326,1,computed
cpsc->ptbxl,cpsc,ptbxl,resnet1d,43,noise6,noise,0.4705198843978399,0.22817967902593803,0.051836589043615836,-0.24176077051481654,0.17634308998232218,1,computed
cpsc->ptbxl,cpsc,ptbxl,resnet1d,43,noise0,noise,0.4711757086938313,0.23033634851911777,0.05322450059870028,-0.238833402112638,0.1771118479204175,1,computed
cpsc->ptbxl,cpsc,ptbxl,resnet1d,43,noise-6,noise,0.28360580474142727,0.08655424013770498,0.0198442729519118,-0.14271973737830862,0.06670996718579318,1,computed
cpsc->ptbxl,cpsc,ptbxl,resnet1d,43,gain0.5,gain,0.5009183536358945,0.25347341015182456,0.06210262329552946,-0.25369285410375364,0.1913707868562951,1,computed
cpsc->ptbxl,cpsc,ptbxl,resnet1d,43,gain2.0,gain,0.44314911910310184,0.22565027047672384,0.06507426460789892,-0.2029607564318964,0.16057600586882492,1,computed
cpsc->ptbxl,cpsc,ptbxl,resnet1d,44,fs250,downsample,0.5154406354037057,0.2703370092690256,0.04453671561482885,-0.30185558220522213,0.22580029365419674,1,computed
cpsc->ptbxl,cpsc,ptbxl,resnet1d,44,fs125,downsample,0.44174748797486973,0.19673961675172558,0.033958130987730206,-0.2574925878069212,0.16278148576399537,1,computed
cpsc->ptbxl,cpsc,ptbxl,resnet1d,44,leads6,leads,0.41399591175506456,0.18293688280103876,0.018478611794832574,-0.2769132585955886,0.1644582710062062,1,computed
cpsc->ptbxl,cpsc,ptbxl,resnet1d,44,leads3,leads,0.3319445325407274,0.1165388763567791,0.01791279184876557,-0.19848277380106508,0.09862608450801354,1,computed
cpsc->ptbxl,cpsc,ptbxl,resnet1d,44,leads2,leads,0.22673828154319428,0.05691428452408014,0.012017340882046479,-0.12020851033976947,0.044896943642033664,1,computed
cpsc->ptbxl,cpsc,ptbxl,resnet1d,44,leads1,leads,0.18250324005669658,0.033108556669528076,0.010425311600016338,-0.08062656632102506,0.022683245069511738,1,computed
cpsc->ptbxl,cpsc,ptbxl,resnet1d,44,noise24,noise,0.41868086046455416,0.18958906077115356,0.01644336453051731,-0.2897958170778496,0.17314569624063625,1,computed
cpsc->ptbxl,cpsc,ptbxl,resnet1d,44,noise12,noise,0.44356850009679083,0.2100614908854857,0.023994935355481098,-0.2901670439102053,0.18606655553000462,1,computed
cpsc->ptbxl,cpsc,ptbxl,resnet1d,44,noise6,noise,0.4750925716298785,0.23800534561468703,0.0339440867094488,-0.29450187412467993,0.20406125890523824,1,computed
cpsc->ptbxl,cpsc,ptbxl,resnet1d,44,noise0,noise,0.4405192501272635,0.20438415087756986,0.02756210870116697,-0.27599045064323857,0.1768220421764029,1,computed
cpsc->ptbxl,cpsc,ptbxl,resnet1d,44,noise-6,noise,0.41117932194150003,0.17062199720756482,0.02763738020888145,-0.24503301184271692,0.14298461699868337,1,computed
cpsc->ptbxl,cpsc,ptbxl,resnet1d,44,gain0.5,gain,0.36129251076510516,0.14569962063654623,0.017780677824098052,-0.22830504155772255,0.12791894281244817,1,computed
cpsc->ptbxl,cpsc,ptbxl,resnet1d,44,gain2.0,gain,0.41669132087854216,0.19481586679142004,0.032504155736459255,-0.2427638785153091,0.16231171105496078,1,computed
cpsc->ptbxl,cpsc,ptbxl,resnet1d,45,fs250,downsample,0.6122288306257987,0.3915172067789318,0.0929713378793045,-0.3150396323947301,0.2985458688996273,1,computed
cpsc->ptbxl,cpsc,ptbxl,resnet1d,45,fs125,downsample,0.5271242301439713,0.3061393898513326,0.06996417949371839,-0.27925421501283004,0.2361752103576142,1,computed
cpsc->ptbxl,cpsc,ptbxl,resnet1d,45,leads6,leads,0.3782651543189001,0.14732147955530803,0.014587239737226724,-0.25990544759929046,0.1327342398180813,1,computed
cpsc->ptbxl,cpsc,ptbxl,resnet1d,45,leads3,leads,0.3648482719346854,0.12865153232009593,0.030155938871809156,-0.20903352802661834,0.09849559344828678,1,computed
cpsc->ptbxl,cpsc,ptbxl,resnet1d,45,leads2,leads,0.3006566865775739,0.08700653716222206,0.024617839443484668,-0.15399447672535332,0.062388697718737396,1,computed
cpsc->ptbxl,cpsc,ptbxl,resnet1d,45,leads1,leads,0.2954830482454633,0.08748078255628987,0.024583471805646927,-0.13866773599305252,0.06289731075064295,1,computed
cpsc->ptbxl,cpsc,ptbxl,resnet1d,45,noise24,noise,0.377909245225104,0.1604769957775118,0.01221253420291616,-0.27062060643276126,0.14826446157459564,1,computed
cpsc->ptbxl,cpsc,ptbxl,resnet1d,45,noise12,noise,0.40198330204482363,0.1764586124609725,0.017198111928002757,-0.27152205789051276,0.15926050053296975,1,computed
cpsc->ptbxl,cpsc,ptbxl,resnet1d,45,noise6,noise,0.43553397999461396,0.20109487247400964,0.026917049066175713,-0.269042177321578,0.17417782340783394,1,computed
cpsc->ptbxl,cpsc,ptbxl,resnet1d,45,noise0,noise,0.462635026658664,0.22060592043439006,0.04122975418741789,-0.25810631315546856,0.17937616624697217,1,computed
cpsc->ptbxl,cpsc,ptbxl,resnet1d,45,noise-6,noise,0.48227481200654254,0.2373862300239924,0.048050384391536236,-0.2604222966109627,0.18933584563245615,1,computed
cpsc->ptbxl,cpsc,ptbxl,resnet1d,45,gain0.5,gain,0.4193547761852035,0.17568649506692852,0.03296115499397653,-0.24875095328400104,0.14272534007295198,1,computed
cpsc->ptbxl,cpsc,ptbxl,resnet1d,45,gain2.0,gain,0.4823105427035814,0.2510044304625689,0.0413933473957254,-0.276517428382081,0.20961108306684348,1,computed
cpsc->ptbxl,cpsc,ptbxl,resnet1d,46,fs250,downsample,0.6364523996432082,0.4175605364198596,0.0893801966146537,-0.3443587859109116,0.3281803398052059,1,computed
cpsc->ptbxl,cpsc,ptbxl,resnet1d,46,fs125,downsample,0.6421693360193886,0.44211721582674257,0.1105458274032477,-0.34151306996429714,0.3315713884234949,1,computed
cpsc->ptbxl,cpsc,ptbxl,resnet1d,46,leads6,leads,0.47839840487491186,0.24275287182109928,0.035032797770289933,-0.29899246467249113,0.20772007405080933,1,computed
cpsc->ptbxl,cpsc,ptbxl,resnet1d,46,leads3,leads,0.5296504491621848,0.29029030273304063,0.04563122899471133,-0.3123680815959691,0.2446590737383293,1,computed
cpsc->ptbxl,cpsc,ptbxl,resnet1d,46,leads2,leads,0.37325297241364663,0.14175119874149944,0.032755949827597636,-0.19078094268593557,0.1089952489139018,1,computed
cpsc->ptbxl,cpsc,ptbxl,resnet1d,46,leads1,leads,0.507730093714339,0.25863663698376305,0.06667495702755857,-0.248876491553914,0.19196167995620447,1,computed
cpsc->ptbxl,cpsc,ptbxl,resnet1d,46,noise24,noise,0.4560304398449711,0.23361476586878901,0.030425147605292458,-0.2958263344062326,0.20318961826349655,1,computed
cpsc->ptbxl,cpsc,ptbxl,resnet1d,46,noise12,noise,0.4900622152979,0.261382471749407,0.04049948472889827,-0.3010725892437319,0.2208829870205087,1,computed
cpsc->ptbxl,cpsc,ptbxl,resnet1d,46,noise6,noise,0.53637778333817,0.29946231420023883,0.050239248007981505,-0.3133098226377128,0.24922306619225731,1,computed
cpsc->ptbxl,cpsc,ptbxl,resnet1d,46,noise0,noise,0.5338590261753581,0.2972201493205914,0.04671304559588076,-0.3145111992527586,0.25050710372471063,1,computed
cpsc->ptbxl,cpsc,ptbxl,resnet1d,46,noise-6,noise,0.5100821249766007,0.2609011969386661,0.040808475950287935,-0.3083373784435375,0.22009272098837815,1,computed
cpsc->ptbxl,cpsc,ptbxl,resnet1d,46,gain0.5,gain,0.5344769652667797,0.3011649405421113,0.05234697954947752,-0.30995933696928646,0.24881796099263376,1,computed
cpsc->ptbxl,cpsc,ptbxl,resnet1d,46,gain2.0,gain,0.5089818478438515,0.28741759439573666,0.048425259118702574,-0.302446156440184,0.2389923352770341,1,computed
cpsc->ptbxl,cpsc,ptbxl,inceptiontime,42,fs250,downsample,0.525294278314078,0.28037321855131836,0.0661564908689705,-0.26278799085431853,0.21421672768234784,1,computed
cpsc->ptbxl,cpsc,ptbxl,inceptiontime,42,fs125,downsample,0.4722598283612434,0.22516388958688932,0.06573335622362302,-0.21057475422584881,0.1594305333632663,1,computed
cpsc->ptbxl,cpsc,ptbxl,inceptiontime,42,leads6,leads,0.4582052063939756,0.21245849366665148,0.044228558823541396,-0.24455118012369642,0.16822993484311008,1,computed
cpsc->ptbxl,cpsc,ptbxl,inceptiontime,42,leads3,leads,0.49630712215528106,0.26121470386627327,0.05806190139073378,-0.25480598454560965,0.2031528024755395,1,computed
cpsc->ptbxl,cpsc,ptbxl,inceptiontime,42,leads2,leads,0.41016781773109695,0.19216169146116677,0.0361314435465638,-0.22080385022228025,0.15603024791460296,1,computed
cpsc->ptbxl,cpsc,ptbxl,inceptiontime,42,leads1,leads,0.3511511652557172,0.11656526374967845,0.0323086485032116,-0.16844678725008427,0.08425661524646685,1,computed
cpsc->ptbxl,cpsc,ptbxl,inceptiontime,42,noise24,noise,0.3551028266221866,0.14001785895428406,0.022528170955999918,-0.21156421176003826,0.11748968799828415,1,computed
cpsc->ptbxl,cpsc,ptbxl,inceptiontime,42,noise12,noise,0.40160389673928376,0.16596800530008857,0.033786951810485,-0.2171959526668149,0.13218105348960357,1,computed
cpsc->ptbxl,cpsc,ptbxl,inceptiontime,42,noise6,noise,0.4124380275173739,0.16954490128513708,0.0361456875601099,-0.2176597769896023,0.13339921372502717,1,computed
cpsc->ptbxl,cpsc,ptbxl,inceptiontime,42,noise0,noise,0.3692685185084237,0.1462247847887679,0.034499150639690224,-0.1897586212161384,0.11172563414907768,1,computed
cpsc->ptbxl,cpsc,ptbxl,inceptiontime,42,noise-6,noise,0.5102481128991432,0.2878953903018342,0.0677480342085363,-0.2652990923786712,0.22014735609329789,1,computed
cpsc->ptbxl,cpsc,ptbxl,inceptiontime,42,gain0.5,gain,0.5825955833347777,0.35722645207805337,0.09134342825994458,-0.2818079353074889,0.2658830238181088,1,computed
cpsc->ptbxl,cpsc,ptbxl,inceptiontime,42,gain2.0,gain,0.2501126836417528,0.11680646131263374,0.022539796937795526,-0.17304431234411893,0.09426666437483822,1,computed
cpsc->ptbxl,cpsc,ptbxl,inceptiontime,43,fs250,downsample,0.4696333506425154,0.2208712554302468,0.05714606985818518,-0.2299406866205514,0.16372518557206162,1,computed
cpsc->ptbxl,cpsc,ptbxl,inceptiontime,43,fs125,downsample,0.4014325814274251,0.16010686339307142,0.04530842447602939,-0.18769368295183886,0.11479843891704203,1,computed
cpsc->ptbxl,cpsc,ptbxl,inceptiontime,43,leads6,leads,0.4787023621266439,0.22881577398607308,0.05917787015978197,-0.24361912613755668,0.16963790382629113,1,computed
cpsc->ptbxl,cpsc,ptbxl,inceptiontime,43,leads3,leads,0.4442766701227641,0.20648372442049373,0.0505565188074183,-0.21722720143442467,0.15592720561307544,1,computed
cpsc->ptbxl,cpsc,ptbxl,inceptiontime,43,leads2,leads,0.39488150607240724,0.1682381488687373,0.049669472506640444,-0.17648276878072694,0.11856867636209686,1,computed
cpsc->ptbxl,cpsc,ptbxl,inceptiontime,43,leads1,leads,0.4148439703834116,0.17124986456836164,0.05470271272643742,-0.18198564784514484,0.11654715184192421,1,computed
cpsc->ptbxl,cpsc,ptbxl,inceptiontime,43,noise24,noise,0.46854884837150473,0.22111534084427434,0.054408574318965654,-0.2350881184234845,0.1667067665253087,1,computed
cpsc->ptbxl,cpsc,ptbxl,inceptiontime,43,noise12,noise,0.4596084911650999,0.2125014886792226,0.050335712765175976,-0.23012960177603664,0.16216577591404663,1,computed
cpsc->ptbxl,cpsc,ptbxl,inceptiontime,43,noise6,noise,0.4027455696927076,0.16801529169671384,0.039630452763676646,-0.20085863836245263,0.1283848389330372,1,computed
cpsc->ptbxl,cpsc,ptbxl,inceptiontime,43,noise0,noise,0.48512188579379234,0.29969253318334416,0.0791237638678718,-0.25873872088425415,0.22056876931547237,1,computed
cpsc->ptbxl,cpsc,ptbxl,inceptiontime,43,noise-6,noise,0.6664410363646434,0.4439491137489271,0.10688609962896455,-0.34430665470492666,0.33706301411996253,1,computed
cpsc->ptbxl,cpsc,ptbxl,inceptiontime,43,gain0.5,gain,0.5120871514413173,0.2689848193803842,0.06694810700384593,-0.25025479208780677,0.20203671237653828,1,computed
cpsc->ptbxl,cpsc,ptbxl,inceptiontime,43,gain2.0,gain,0.4349355670073433,0.22052175492576798,0.05679048085182894,-0.2202636539690497,0.16373127407393903,1,computed
cpsc->ptbxl,cpsc,ptbxl,inceptiontime,44,fs250,downsample,0.518699417452537,0.2772789551163492,0.06084598803701163,-0.27049001948939816,0.21643296707933757,1,computed
cpsc->ptbxl,cpsc,ptbxl,inceptiontime,44,fs125,downsample,0.46834648490641684,0.22852374436481104,0.05393504532860626,-0.23623376779558264,0.17458869903620478,1,computed
cpsc->ptbxl,cpsc,ptbxl,inceptiontime,44,leads6,leads,0.4871420666373788,0.2528986541316767,0.04259339963176371,-0.2788283589922105,0.21030525449991302,1,computed
cpsc->ptbxl,cpsc,ptbxl,inceptiontime,44,leads3,leads,0.4321028343417982,0.20436470222036313,0.035138352572598196,-0.24724065942384651,0.16922634964776492,1,computed
cpsc->ptbxl,cpsc,ptbxl,inceptiontime,44,leads2,leads,0.3615782156660507,0.15411087403495877,0.022796422590275655,-0.2144799828099987,0.13131445144468312,1,computed
cpsc->ptbxl,cpsc,ptbxl,inceptiontime,44,leads1,leads,0.39926003058597037,0.15450924844994163,0.051191194461590435,-0.17136166356552227,0.1033180539883512,1,computed
cpsc->ptbxl,cpsc,ptbxl,inceptiontime,44,noise24,noise,0.432158555420397,0.19932872709266633,0.028154036133748808,-0.26230311597355727,0.17117469095891752,1,computed
cpsc->ptbxl,cpsc,ptbxl,inceptiontime,44,noise12,noise,0.48582707041769596,0.24742538045212475,0.044637902632861416,-0.27099693191588886,0.20278747781926335,1,computed
cpsc->ptbxl,cpsc,ptbxl,inceptiontime,44,noise6,noise,0.4529977187026379,0.218710016204957,0.03747087298586754,-0.25537269954494024,0.18123914321908946,1,computed
cpsc->ptbxl,cpsc,ptbxl,inceptiontime,44,noise0,noise,0.3671874420505825,0.15778534447924708,0.03327828663844625,-0.2047845354783249,0.12450705784080082,1,computed
cpsc->ptbxl,cpsc,ptbxl,inceptiontime,44,noise-6,noise,0.6349437274371759,0.40927602186293277,0.07904693989944088,-0.36025141141180034,0.3302290819634919,1,computed
cpsc->ptbxl,cpsc,ptbxl,inceptiontime,44,gain0.5,gain,0.4920847444419515,0.2680643782240472,0.05057339690549798,-0.2804574227930769,0.21749098131854924,1,computed
cpsc->ptbxl,cpsc,ptbxl,inceptiontime,44,gain2.0,gain,0.4340343518840915,0.2309027565465076,0.04706996321478161,-0.24869652340408682,0.183832793331726,1,computed
cpsc->ptbxl,cpsc,ptbxl,inceptiontime,45,fs250,downsample,0.511934709399064,0.27395259232321606,0.058549608908667415,-0.2679926500870842,0.21540298341454864,1,computed
cpsc->ptbxl,cpsc,ptbxl,inceptiontime,45,fs125,downsample,0.47717559202021687,0.2405598130851585,0.060916708310576516,-0.2293687446778817,0.17964310477458198,1,computed
cpsc->ptbxl,cpsc,ptbxl,inceptiontime,45,leads6,leads,0.3903494608850614,0.16844314288604248,0.020103685866721812,-0.24826011399673545,0.14833945701932066,1,computed
cpsc->ptbxl,cpsc,ptbxl,inceptiontime,45,leads3,leads,0.38459671758129377,0.15907181411452337,0.02945805522215043,-0.2117528692974816,0.12961375889237295,1,computed
cpsc->ptbxl,cpsc,ptbxl,inceptiontime,45,leads2,leads,0.3547112012645697,0.13532147487227947,0.039675421944299204,-0.1553991981864727,0.09564605292798026,1,computed
cpsc->ptbxl,cpsc,ptbxl,inceptiontime,45,leads1,leads,0.3683171416778301,0.14272109278965975,0.04610107691864286,-0.15554448525938697,0.09662001587101689,1,computed
cpsc->ptbxl,cpsc,ptbxl,inceptiontime,45,noise24,noise,0.43817253798299977,0.2062294515510914,0.030893018607428647,-0.26072659075266424,0.17533643294366275,1,computed
cpsc->ptbxl,cpsc,ptbxl,inceptiontime,45,noise12,noise,0.4542497527607231,0.22192930448760229,0.03631772516300932,-0.26266048079041826,0.18561157932459296,1,computed
cpsc->ptbxl,cpsc,ptbxl,inceptiontime,45,noise6,noise,0.43024737918961736,0.2014729772920201,0.032878378958179265,-0.24795204765161125,0.16859459833384083,1,computed
cpsc->ptbxl,cpsc,ptbxl,inceptiontime,45,noise0,noise,0.43014242264758723,0.22434808065449277,0.045347201705029795,-0.25196112775719504,0.17900087894946298,1,computed
cpsc->ptbxl,cpsc,ptbxl,inceptiontime,45,noise-6,noise,0.6204655722510494,0.3845442310448933,0.07159263439282058,-0.35993603902639937,0.3129515966520727,1,computed
cpsc->ptbxl,cpsc,ptbxl,inceptiontime,45,gain0.5,gain,0.43268150994738697,0.2023925585004792,0.03626721126503193,-0.24485657170512437,0.16612534723544728,1,computed
cpsc->ptbxl,cpsc,ptbxl,inceptiontime,45,gain2.0,gain,0.42272656072658316,0.2080684481807048,0.041189653354171844,-0.23379935989115702,0.16687879482653295,1,computed
cpsc->ptbxl,cpsc,ptbxl,inceptiontime,46,fs250,downsample,0.5206933894257352,0.2741675914741191,0.0641340522712305,-0.2646670249756175,0.21003353920288864,1,computed
cpsc->ptbxl,cpsc,ptbxl,inceptiontime,46,fs125,downsample,0.45403397845229765,0.2113864383893677,0.06084121056612064,-0.20386149628298617,0.15054522782324703,1,computed
cpsc->ptbxl,cpsc,ptbxl,inceptiontime,46,leads6,leads,0.3238103713514013,0.11203910075192024,0.010267962355461695,-0.22714221650830876,0.10177113839645854,1,computed
cpsc->ptbxl,cpsc,ptbxl,inceptiontime,46,leads3,leads,0.4107143759887629,0.18434700107658714,0.033001301828636656,-0.22370426118429104,0.1513456992479505,1,computed
cpsc->ptbxl,cpsc,ptbxl,inceptiontime,46,leads2,leads,0.3699889363017964,0.144380724827938,0.027723088330215875,-0.19751667282479146,0.11665763649772214,1,computed
cpsc->ptbxl,cpsc,ptbxl,inceptiontime,46,leads1,leads,0.3590779288105001,0.14088461928569554,0.043662506043516756,-0.15334618425209076,0.09722211324217878,1,computed
cpsc->ptbxl,cpsc,ptbxl,inceptiontime,46,noise24,noise,0.31191875951172293,0.10996804627909025,0.011164255632953335,-0.2242311942165206,0.09880379064613691,1,computed
cpsc->ptbxl,cpsc,ptbxl,inceptiontime,46,noise12,noise,0.3834903603818146,0.15817803298361846,0.02627163213017094,-0.2256248133351053,0.13190640085344751,1,computed
cpsc->ptbxl,cpsc,ptbxl,inceptiontime,46,noise6,noise,0.38824182372027033,0.1557124790756282,0.027213009980688627,-0.21875759775577502,0.1284994690949396,1,computed
cpsc->ptbxl,cpsc,ptbxl,inceptiontime,46,noise0,noise,0.34423042322279684,0.141704986092605,0.022202966586545435,-0.2133880549299424,0.11950201950605957,1,computed
cpsc->ptbxl,cpsc,ptbxl,inceptiontime,46,noise-6,noise,0.6302422521687419,0.4067229525645599,0.08576148727100011,-0.34785312255451206,0.32096146529355984,1,computed
cpsc->ptbxl,cpsc,ptbxl,inceptiontime,46,gain0.5,gain,0.5328178709202661,0.3030548549496512,0.0729641547513661,-0.2650881591773471,0.2300907001982851,1,computed
cpsc->ptbxl,cpsc,ptbxl,inceptiontime,46,gain2.0,gain,0.32796155896767687,0.13683073722230915,0.020240640364614645,-0.20714058621624065,0.1165900968576945,1,computed
cpsc->chapman,cpsc,chapman,resnet1d,42,fs250,downsample,0.08811300360309335,0.012601952162632579,0.024091436619605312,0.029119079221105473,-0.011489484456972733,0,computed
cpsc->chapman,cpsc,chapman,resnet1d,42,fs125,downsample,0.12891732795131455,0.019244276383209708,0.016268420364458018,-0.04373869743221759,0.00297585601875169,1,computed
cpsc->chapman,cpsc,chapman,resnet1d,42,leads6,leads,0.07634931699142297,0.009022877356758401,0.027781234730624518,0.06647982172978434,-0.018758357373866115,0,computed
cpsc->chapman,cpsc,chapman,resnet1d,42,leads3,leads,0.0636046818171409,0.0052222889061856355,0.04690099898300562,0.15305068171757266,-0.04167871007681999,0,computed
cpsc->chapman,cpsc,chapman,resnet1d,42,leads2,leads,0.04466222319745695,0.0018572878629718955,0.05309037213699251,0.18293571420657823,-0.05123308427402062,0,computed
cpsc->chapman,cpsc,chapman,resnet1d,42,leads1,leads,0.05395047044120294,0.006035718185782121,0.05452583356932212,0.17698747666652104,-0.04849011538354,0,computed
cpsc->chapman,cpsc,chapman,resnet1d,42,noise24,noise,0.0839915247456862,0.01265707178321235,0.02514470641774281,0.017110154745509032,-0.012487634634530459,0,computed
cpsc->chapman,cpsc,chapman,resnet1d,42,noise12,noise,0.11598560937490544,0.01846431134764135,0.023221543259115882,-0.049112532693952465,-0.004757231911474532,0,computed
cpsc->chapman,cpsc,chapman,resnet1d,42,noise6,noise,0.22928733434245735,0.0617965208066055,0.020122678266698668,-0.16682275771944002,0.04167384253990683,1,computed
cpsc->chapman,cpsc,chapman,resnet1d,42,noise0,noise,0.7073949751835783,0.5148425477443699,0.2412686466719808,-0.21912168472210064,0.2735739010723891,1,computed
cpsc->chapman,cpsc,chapman,resnet1d,42,noise-6,noise,0.813717267058301,0.6626706044840096,0.3151652165142967,-0.25236930570313276,0.3475053879697129,1,computed
cpsc->chapman,cpsc,chapman,resnet1d,42,gain0.5,gain,0.06620340049153212,0.003795735383608127,0.03449984321945615,0.11583465057393477,-0.030704107835848024,0,computed
cpsc->chapman,cpsc,chapman,resnet1d,42,gain2.0,gain,0.4721697226176292,0.23838490034796492,0.09507674778048844,-0.17870981020639976,0.14330815256747648,1,computed
cpsc->chapman,cpsc,chapman,resnet1d,43,fs250,downsample,0.1974799257375281,0.05072564684240835,0.01634915599560856,-0.09535848719942114,0.03437649084679979,1,computed
cpsc->chapman,cpsc,chapman,resnet1d,43,fs125,downsample,0.16427636507215684,0.03589250660947924,0.010249146408649237,-0.06808459875707817,0.025643360200830006,1,computed
cpsc->chapman,cpsc,chapman,resnet1d,43,leads6,leads,0.14563359443645568,0.023785091171505835,0.023661964150346205,-0.020476823101999136,0.00012312702115963026,1,computed
cpsc->chapman,cpsc,chapman,resnet1d,43,leads3,leads,0.14144041061975704,0.02212093427283132,0.02915548913783766,0.020549483132674767,-0.007034554865006343,0,computed
cpsc->chapman,cpsc,chapman,resnet1d,43,leads2,leads,0.02097184758276237,0.0022094696805991998,0.05013659363768742,0.1976527949449051,-0.047927123957088216,0,computed
cpsc->chapman,cpsc,chapman,resnet1d,43,leads1,leads,0.13716615669833865,0.027607549316644962,0.055548678297070525,0.08661052076983747,-0.027941128980425563,0,computed
cpsc->chapman,cpsc,chapman,resnet1d,43,noise24,noise,0.16113172180400898,0.02736730322400584,0.01736831181826824,-0.06649107048339206,0.009998991405737602,1,computed
cpsc->chapman,cpsc,chapman,resnet1d,43,noise12,noise,0.1664171551339491,0.028297621802891075,0.014384883033714716,-0.07560087135660327,0.013912738769176359,1,computed
cpsc->chapman,cpsc,chapman,resnet1d,43,noise6,noise,0.16983913124094524,0.03183518531800923,0.010914576348151891,-0.08058775232541149,0.02092060896985734,1,computed
cpsc->chapman,cpsc,chapman,resnet1d,43,noise0,noise,0.12220347284542217,0.03159052664293918,0.025544250127941714,0.022916683981516403,0.006046276514997468,1,computed
cpsc->chapman,cpsc,chapman,resnet1d,43,noise-6,noise,0.05674555711270441,0.0053082543259611046,0.05205244473036342,0.16685957494935152,-0.046744190404402315,0,computed
cpsc->chapman,cpsc,chapman,resnet1d,43,gain0.5,gain,0.13621983522145886,0.02118516482331438,0.023939165769115516,0.0171341887960558,-0.002754000945801135,0,computed
cpsc->chapman,cpsc,chapman,resnet1d,43,gain2.0,gain,0.13270260014332574,0.02807613721159518,0.018829151814388545,-0.0060220403630127095,0.009246985397206635,1,computed
cpsc->chapman,cpsc,chapman,resnet1d,44,fs250,downsample,0.1995942972420044,0.04238292581142111,0.018289223205727772,-0.10168133205313692,0.02409370260569334,1,computed
cpsc->chapman,cpsc,chapman,resnet1d,44,fs125,downsample,0.24340546250710915,0.061109091466662595,0.005293157452591698,-0.21723903715368675,0.055815934014070895,1,computed
cpsc->chapman,cpsc,chapman,resnet1d,44,leads6,leads,0.12611404460396933,0.019673219918509236,0.04367336431515119,0.06051764892087799,-0.024000144396641953,0,computed
cpsc->chapman,cpsc,chapman,resnet1d,44,leads3,leads,0.16236121881571242,0.04640109079093579,0.0670135964682288,0.07441129034448862,-0.02061250567729301,0,computed
cpsc->chapman,cpsc,chapman,resnet1d,44,leads2,leads,0.14067458159550417,0.03032215445261762,0.06523314594383586,0.10512446101964892,-0.03491099149121824,0,computed
cpsc->chapman,cpsc,chapman,resnet1d,44,leads1,leads,0.07639593690696143,0.01878094075226108,0.09156519035604334,0.2135127228190586,-0.07278424960378226,0,computed
cpsc->chapman,cpsc,chapman,resnet1d,44,noise24,noise,0.18150888749881738,0.034667163769126506,0.013186148062631728,-0.08283211631851566,0.02148101570649478,1,computed
cpsc->chapman,cpsc,chapman,resnet1d,44,noise12,noise,0.1891819518846727,0.036984585953180875,0.011835809187008729,-0.10013694267434851,0.025148776766172144,1,computed
cpsc->chapman,cpsc,chapman,resnet1d,44,noise6,noise,0.20283440334989367,0.044284779910232545,0.007517195154217106,-0.13789074473786816,0.03676758475601544,1,computed
cpsc->chapman,cpsc,chapman,resnet1d,44,noise0,noise,0.18395450232556945,0.04127551947982451,0.0005797410656833743,-0.15320230113938163,0.04069577841414113,1,computed
cpsc->chapman,cpsc,chapman,resnet1d,44,noise-6,noise,0.6805431635508219,0.4670223345425979,0.1825091256813403,-0.253427543554635,0.2845132088612576,1,computed
cpsc->chapman,cpsc,chapman,resnet1d,44,gain0.5,gain,0.14396757531836601,0.03495586769714382,0.048686562650307,0.06844387207609096,-0.013730694953163175,0,computed
cpsc->chapman,cpsc,chapman,resnet1d,44,gain2.0,gain,0.652371466152814,0.44187892223905945,0.16406787059661307,-0.2497270509803669,0.27781105164244635,1,computed
cpsc->chapman,cpsc,chapman,resnet1d,45,fs250,downsample,0.15951454718647592,0.028220530775005935,0.016344875931087917,-0.030595286800569083,0.011875654843918018,1,computed
cpsc->chapman,cpsc,chapman,resnet1d,45,fs125,downsample,0.15304306119528935,0.023517118167649696,0.0119389909114295,-0.07608968727828212,0.011578127256220197,1,computed
cpsc->chapman,cpsc,chapman,resnet1d,45,leads6,leads,0.12280616758742667,0.018933177888160697,0.03572369826335747,0.03331251685102034,-0.016790520375196776,0,computed
cpsc->chapman,cpsc,chapman,resnet1d,45,leads3,leads,0.3103875808460499,0.10300821172552652,0.022087531565795,-0.19492073763459766,0.08092068015973151,1,computed
cpsc->chapman,cpsc,chapman,resnet1d,45,leads2,leads,0.4789848773581712,0.2599030707933715,0.08326892466770541,-0.20351597259384535,0.17663414612566608,1,computed
cpsc->chapman,cpsc,chapman,resnet1d,45,leads1,leads,0.3058963792756521,0.12541137150852422,0.03921127354231374,-0.12159004537983426,0.08620009796621048,1,computed
cpsc->chapman,cpsc,chapman,resnet1d,45,noise24,noise,0.0898679432959527,0.012823608994604328,0.040331397988662504,0.08771656636233503,-0.027507788994058174,0,computed
cpsc->chapman,cpsc,chapman,resnet1d,45,noise12,noise,0.09685039791543658,0.013592043805055912,0.03985222605625398,0.0761322214593091,-0.026260182251198066,0,computed
cpsc->chapman,cpsc,chapman,resnet1d,45,noise6,noise,0.12325030459173843,0.017950661828350527,0.032988689024375226,0.02904110534022332,-0.015038027196024699,0,computed
cpsc->chapman,cpsc,chapman,resnet1d,45,noise0,noise,0.13399090423853646,0.023546182932629126,0.027528253221517793,0.023362054035329677,-0.003982070288888667,0,computed
cpsc->chapman,cpsc,chapman,resnet1d,45,noise-6,noise,0.19123407651236507,0.04066985181323678,0.004709967700629996,-0.14937888610324782,0.03595988411260679,1,computed
cpsc->chapman,cpsc,chapman,resnet1d,45,gain0.5,gain,0.16205784604537854,0.029152680195087856,0.017239064589166027,-0.07122745669828187,0.011913615605921829,1,computed
cpsc->chapman,cpsc,chapman,resnet1d,45,gain2.0,gain,0.3305773154735763,0.12346449948646565,0.013301069174979212,-0.23001907587705056,0.11016343031148644,1,computed
cpsc->chapman,cpsc,chapman,resnet1d,46,fs250,downsample,0.2247441093581748,0.052248820504893344,0.014413523599100916,-0.10862402092842667,0.03783529690579243,1,computed
cpsc->chapman,cpsc,chapman,resnet1d,46,fs125,downsample,0.22897670007536627,0.055396602994018274,0.015159858112972541,-0.12331985064243962,0.040236744881045734,1,computed
cpsc->chapman,cpsc,chapman,resnet1d,46,leads6,leads,0.17688580836384132,0.046471553980153735,0.05129587058659001,-0.05226164095993019,-0.004824316606436278,0,computed
cpsc->chapman,cpsc,chapman,resnet1d,46,leads3,leads,0.36917544590870927,0.15746579594092014,0.0438127594019012,-0.26668514462913506,0.11365303653901894,1,computed
cpsc->chapman,cpsc,chapman,resnet1d,46,leads2,leads,0.6086907381271243,0.3811937180495185,0.12252020770379289,-0.2628911685041367,0.2586735103457256,1,computed
cpsc->chapman,cpsc,chapman,resnet1d,46,leads1,leads,0.6642187622026797,0.4431915478468374,0.14474200998947936,-0.28448122553567984,0.29844953785735806,1,computed
cpsc->chapman,cpsc,chapman,resnet1d,46,noise24,noise,0.15260978938260372,0.033665216514450313,0.044049316588609624,-0.004851129580969671,-0.010384100074159311,0,computed
cpsc->chapman,cpsc,chapman,resnet1d,46,noise12,noise,0.15937025023004375,0.03672497111826291,0.04558418744492951,-0.019120795105619093,-0.0088592163266666,0,computed
cpsc->chapman,cpsc,chapman,resnet1d,46,noise6,noise,0.17218404943712223,0.04181114052428256,0.041932019463427755,-0.042217732675108754,-0.00012087893914519698,0,computed
cpsc->chapman,cpsc,chapman,resnet1d,46,noise0,noise,0.1448315948221023,0.027974964085496323,0.0307978746350588,-0.010761147700262097,-0.0028229105495624768,0,computed
cpsc->chapman,cpsc,chapman,resnet1d,46,noise-6,noise,0.26364383714889644,0.10320875180067592,0.02403017811296069,-0.13039370360213315,0.07917857368771522,1,computed
cpsc->chapman,cpsc,chapman,resnet1d,46,gain0.5,gain,0.2724972434734429,0.09750274753093012,0.04281412470198133,-0.2184785446410693,0.05468862282894879,1,computed
cpsc->chapman,cpsc,chapman,resnet1d,46,gain2.0,gain,0.1582248643938498,0.027749206017050256,0.020187921568867888,-0.05249325870710789,0.007561284448182368,1,computed
cpsc->chapman,cpsc,chapman,inceptiontime,42,fs250,downsample,0.1518409919022571,0.024649828842343385,0.024740802790035273,-0.02044403713071799,-9.097394769188791e-05,0,computed
cpsc->chapman,cpsc,chapman,inceptiontime,42,fs125,downsample,0.11871788742320441,0.015610880519302778,0.02516651531839471,0.0018344371987021046,-0.009555634799091932,0,computed
cpsc->chapman,cpsc,chapman,inceptiontime,42,leads6,leads,0.10364232258824364,0.01769768282198785,0.05264220971502909,0.06696901291073563,-0.03494452689304124,0,computed
cpsc->chapman,cpsc,chapman,inceptiontime,42,leads3,leads,0.14727865104231103,0.023750102372791963,0.022646288731763838,-0.01989036236114547,0.001103813641028125,1,computed
cpsc->chapman,cpsc,chapman,inceptiontime,42,leads2,leads,0.1024339740262318,0.016796619330238446,0.029394437844155852,0.06430248514852402,-0.012597818513917405,0,computed
cpsc->chapman,cpsc,chapman,inceptiontime,42,leads1,leads,0.13839857314104365,0.02586794008258266,0.02046031799395544,-0.10016568519628916,0.0054076220886272175,1,computed
cpsc->chapman,cpsc,chapman,inceptiontime,42,noise24,noise,0.08886914649247903,0.010141333632641384,0.038321332922900984,0.0690672833944302,-0.0281799992902596,0,computed
cpsc->chapman,cpsc,chapman,inceptiontime,42,noise12,noise,0.09967529167078394,0.012313028221099885,0.037847910460977796,0.04906838565858389,-0.02553488223987791,0,computed
cpsc->chapman,cpsc,chapman,inceptiontime,42,noise6,noise,0.10740466150902214,0.014021011815315433,0.03438540073844557,0.028486181306896424,-0.02036438892313014,0,computed
cpsc->chapman,cpsc,chapman,inceptiontime,42,noise0,noise,0.12328510551406385,0.015818008356335737,0.009709116327505676,-0.03418842032349703,0.006108892028830061,1,computed
cpsc->chapman,cpsc,chapman,inceptiontime,42,noise-6,noise,0.7060972186564592,0.5331646526974556,0.20551458402649214,-0.26197740100733624,0.32765006867096347,1,computed
cpsc->chapman,cpsc,chapman,inceptiontime,42,gain0.5,gain,0.18659327289549782,0.05206270307562164,0.02164778932317125,-0.07134320922194759,0.030414913752450392,1,computed
cpsc->chapman,cpsc,chapman,inceptiontime,42,gain2.0,gain,0.22519637140338714,0.09245259456801953,0.015431812148356816,-0.16018828712458422,0.07702078241966272,1,computed
cpsc->chapman,cpsc,chapman,inceptiontime,43,fs250,downsample,0.1223823845562646,0.015696491599093178,0.024528585065795937,0.009426071031561067,-0.008832093466702759,0,computed
cpsc->chapman,cpsc,chapman,inceptiontime,43,fs125,downsample,0.07110743376551348,0.006332813552758358,0.032606710167228214,0.07632011638328298,-0.026273896614469855,0,computed
cpsc->chapman,cpsc,chapman,inceptiontime,43,leads6,leads,0.11779624526176509,0.019016360087686313,0.042433710179387525,0.02626359724574308,-0.023417350091701213,0,computed
cpsc->chapman,cpsc,chapman,inceptiontime,43,leads3,leads,0.20769745051330415,0.04517117041397872,0.010932891745738282,-0.19911095629051906,0.03423827866824044,1,computed
cpsc->chapman,cpsc,chapman,inceptiontime,43,leads2,leads,0.2528310706318441,0.06755744801428198,0.01354522164892886,-0.16258066530727258,0.054012226365353126,1,computed
cpsc->chapman,cpsc,chapman,inceptiontime,43,leads1,leads,0.37560147634919755,0.13780278559068762,0.04960012216124056,-0.17333060470095538,0.08820266342944706,1,computed
cpsc->chapman,cpsc,chapman,inceptiontime,43,noise24,noise,0.14514185198208895,0.024204984351601316,0.024488624644248815,-0.04601479675703016,-0.0002836402926474982,0,computed
cpsc->chapman,cpsc,chapman,inceptiontime,43,noise12,noise,0.13341158521506535,0.020066432542326818,0.023166661923672477,-0.03153161415813645,-0.0031002293813456594,0,computed
cpsc->chapman,cpsc,chapman,inceptiontime,43,noise6,noise,0.14452188769143567,0.022132449290595158,0.009385609140496888,-0.08812096804120947,0.01274684015009827,1,computed
cpsc->chapman,cpsc,chapman,inceptiontime,43,noise0,noise,0.7099659446176795,0.5309233298843645,0.20050213728720515,-0.2680708382321424,0.3304211925971594,1,computed
cpsc->chapman,cpsc,chapman,inceptiontime,43,noise-6,noise,0.9173669031038449,0.8418123045648143,0.33149136536304724,-0.3418779064569082,0.510320939201767,1,computed
cpsc->chapman,cpsc,chapman,inceptiontime,43,gain0.5,gain,0.16924919883151837,0.031916374642766476,0.01431193934537616,-0.07380701317611238,0.017604435297390315,1,computed
cpsc->chapman,cpsc,chapman,inceptiontime,43,gain2.0,gain,0.3445303505911449,0.16601304116950344,0.030978415114560426,-0.2248301774797526,0.135034626054943,1,computed
cpsc->chapman,cpsc,chapman,inceptiontime,44,fs250,downsample,0.12431719857882688,0.016991782278438342,0.019599274466820735,-0.003618481669314222,-0.0026074921883823925,0,computed
cpsc->chapman,cpsc,chapman,inceptiontime,44,fs125,downsample,0.11244770188045838,0.025121739250296305,0.03896154065469443,0.07118104559516156,-0.013839801404398128,0,computed
cpsc->chapman,cpsc,chapman,inceptiontime,44,leads6,leads,0.05732116837492225,0.00643631579012215,0.046783818702571506,0.11541615207653018,-0.04034750291244936,0,computed
cpsc->chapman,cpsc,chapman,inceptiontime,44,leads3,leads,0.1390042666643702,0.02230643380604739,0.01298531028803007,-0.0352192584383494,0.009321123518017319,1,computed
cpsc->chapman,cpsc,chapman,inceptiontime,44,leads2,leads,0.031163273931562718,0.0041968539763180554,0.028253196776382397,0.11638453811236986,-0.024056342800064343,0,computed
cpsc->chapman,cpsc,chapman,inceptiontime,44,leads1,leads,0.3956677996222444,0.16298648567861493,0.07337288148428021,-0.125607747950773,0.08961360419433471,1,computed
cpsc->chapman,cpsc,chapman,inceptiontime,44,noise24,noise,0.07604581818670256,0.0070869244056667455,0.03479723350969664,0.07788119284021938,-0.027710309104029898,0,computed
cpsc->chapman,cpsc,chapman,inceptiontime,44,noise12,noise,0.10010440231334015,0.012102544917535112,0.03149188345671109,0.0274311164064837,-0.01938933853917598,0,computed
cpsc->chapman,cpsc,chapman,inceptiontime,44,noise6,noise,0.10677308016175605,0.012604754026906166,0.024635166461653212,-0.002018281340043615,-0.012030412434747046,0,computed
cpsc->chapman,cpsc,chapman,inceptiontime,44,noise0,noise,0.16595600299836902,0.028065433127530612,0.006061209417591895,-0.14461537849978207,0.022004223709938715,1,computed
cpsc->chapman,cpsc,chapman,inceptiontime,44,noise-6,noise,0.5128758671051122,0.2707760913665337,0.12442844636672165,-0.16129652290318996,0.14634764499981204,1,computed
cpsc->chapman,cpsc,chapman,inceptiontime,44,gain0.5,gain,0.13509639913948626,0.031500388880503515,0.018777431366105133,0.0007250684937136764,0.012722957514398382,1,computed
cpsc->chapman,cpsc,chapman,inceptiontime,44,gain2.0,gain,0.1286022111417082,0.01631127146810967,0.006207409267350693,-0.09098021870243714,0.010103862200758977,1,computed
cpsc->chapman,cpsc,chapman,inceptiontime,45,fs250,downsample,0.1566084428221747,0.02955339976909769,0.026765701428295336,0.003508610008426588,0.0027876983408023533,1,computed
cpsc->chapman,cpsc,chapman,inceptiontime,45,fs125,downsample,0.10678036798347373,0.014936119970037689,0.04565855427937536,0.10727913849213694,-0.030722434309337673,0,computed
cpsc->chapman,cpsc,chapman,inceptiontime,45,leads6,leads,0.1646219392735734,0.030850395828399192,0.03673933563699718,-0.024173929360380403,-0.00588893980859799,0,computed
cpsc->chapman,cpsc,chapman,inceptiontime,45,leads3,leads,0.1273884350087499,0.030168650226862007,0.03821034879411244,0.06861729968049649,-0.008041698567250434,0,computed
cpsc->chapman,cpsc,chapman,inceptiontime,45,leads2,leads,0.18093591852932728,0.04808796196342262,0.08134867592944954,0.09334408712020076,-0.03326071396602692,0,computed
cpsc->chapman,cpsc,chapman,inceptiontime,45,leads1,leads,0.2485383629828313,0.06111063814032533,0.010949908912229668,-0.1521047608868431,0.05016072922809566,1,computed
cpsc->chapman,cpsc,chapman,inceptiontime,45,noise24,noise,0.18411274228498503,0.039072587066375855,0.028317483992996093,-0.06829586852477798,0.010755103073379763,1,computed
cpsc->chapman,cpsc,chapman,inceptiontime,45,noise12,noise,0.20760164874198095,0.04799842562947971,0.02309114575312873,-0.11552094603352885,0.02490727987635098,1,computed
cpsc->chapman,cpsc,chapman,inceptiontime,45,noise6,noise,0.2447708948202011,0.06708574555789076,0.011702372140123363,-0.2029192037559194,0.055383373417767404,1,computed
cpsc->chapman,cpsc,chapman,inceptiontime,45,noise0,noise,0.5597832500145142,0.37171648158538734,0.09693321997979223,-0.27825798744704805,0.2747832616055951,1,computed
cpsc->chapman,cpsc,chapman,inceptiontime,45,noise-6,noise,0.918016023311482,0.8431002569380037,0.269848255210486,-0.3990359647190501,0.5732520017275178,1,computed
cpsc->chapman,cpsc,chapman,inceptiontime,45,gain0.5,gain,0.18466333554175063,0.05192842096769081,0.05222088591324949,0.01912837626954425,-0.0002924649455586792,0,computed
cpsc->chapman,cpsc,chapman,inceptiontime,45,gain2.0,gain,0.36236960295190973,0.17963117130556078,0.02394221650959772,-0.26405192419583745,0.15568895479596306,1,computed
cpsc->chapman,cpsc,chapman,inceptiontime,46,fs250,downsample,0.21140729640895667,0.05522223922083811,0.01798931220652505,-0.14450111699050003,0.037232927014313064,1,computed
cpsc->chapman,cpsc,chapman,inceptiontime,46,fs125,downsample,0.3114636076475764,0.11812433781613282,0.03114824284461775,-0.18872820014330777,0.08697609497151507,1,computed
cpsc->chapman,cpsc,chapman,inceptiontime,46,leads6,leads,0.1504538901177821,0.02763208288435436,0.014960449613312967,-0.11359455412974559,0.012671633271041392,1,computed
cpsc->chapman,cpsc,chapman,inceptiontime,46,leads3,leads,0.29700126237833363,0.0992847716581899,0.018339979010876948,-0.17090217918534323,0.08094479264731295,1,computed
cpsc->chapman,cpsc,chapman,inceptiontime,46,leads2,leads,0.4878839765187972,0.2597338116234224,0.11175022213361016,-0.1651894614169156,0.14798358948981225,1,computed
cpsc->chapman,cpsc,chapman,inceptiontime,46,leads1,leads,0.5901951174705123,0.35140069672293367,0.1665972078731019,-0.18255265187410386,0.18480348884983178,1,computed
cpsc->chapman,cpsc,chapman,inceptiontime,46,noise24,noise,0.17834310426216857,0.041422192111243386,0.009109843188092187,-0.148947451720626,0.0323123489231512,1,computed
cpsc->chapman,cpsc,chapman,inceptiontime,46,noise12,noise,0.22112453177015393,0.05590122101344859,0.00865761577952719,-0.1687536885996307,0.047243605233921404,1,computed
cpsc->chapman,cpsc,chapman,inceptiontime,46,noise6,noise,0.2843825248108234,0.09519820181071337,0.01829544293972147,-0.167151911337842,0.0769027588709919,1,computed
cpsc->chapman,cpsc,chapman,inceptiontime,46,noise0,noise,0.4973848183585054,0.27074703018282775,0.12115628229403437,-0.15961235305354737,0.1495907478887934,1,computed
cpsc->chapman,cpsc,chapman,inceptiontime,46,noise-6,noise,0.5071600651682956,0.2634425108452723,0.14725197962399145,-0.12501498214869955,0.11619053122128087,1,computed
cpsc->chapman,cpsc,chapman,inceptiontime,46,gain0.5,gain,0.21176653055805741,0.04931122934475433,0.00888736227993316,-0.18449567914491133,0.040423867064821165,1,computed
cpsc->chapman,cpsc,chapman,inceptiontime,46,gain2.0,gain,0.4464221271105824,0.22111535743816357,0.09482810406895566,-0.14987621158762293,0.12628725336920793,1,computed
